-- MySQL dump 10.13  Distrib 8.0.25, for Win64 (x86_64)
--
-- Host: localhost    Database: steam
-- ------------------------------------------------------
-- Server version	8.0.22

/*!40101 SET @OLD_CHARACTER_SET_CLIENT=@@CHARACTER_SET_CLIENT */;
/*!40101 SET @OLD_CHARACTER_SET_RESULTS=@@CHARACTER_SET_RESULTS */;
/*!40101 SET @OLD_COLLATION_CONNECTION=@@COLLATION_CONNECTION */;
/*!50503 SET NAMES utf8 */;
/*!40103 SET @OLD_TIME_ZONE=@@TIME_ZONE */;
/*!40103 SET TIME_ZONE='+00:00' */;
/*!40014 SET @OLD_UNIQUE_CHECKS=@@UNIQUE_CHECKS, UNIQUE_CHECKS=0 */;
/*!40014 SET @OLD_FOREIGN_KEY_CHECKS=@@FOREIGN_KEY_CHECKS, FOREIGN_KEY_CHECKS=0 */;
/*!40101 SET @OLD_SQL_MODE=@@SQL_MODE, SQL_MODE='NO_AUTO_VALUE_ON_ZERO' */;
/*!40111 SET @OLD_SQL_NOTES=@@SQL_NOTES, SQL_NOTES=0 */;

--
-- Table structure for table `account`
--

DROP TABLE IF EXISTS `account`;
/*!40101 SET @saved_cs_client     = @@character_set_client */;
/*!50503 SET character_set_client = utf8mb4 */;
CREATE TABLE `account` (
  `idx` int NOT NULL AUTO_INCREMENT,
  `publisher_id` int NOT NULL,
  `number` varchar(16) NOT NULL,
  `bank` varchar(16) NOT NULL DEFAULT 'NH농협',
  `money` double DEFAULT '0',
  `country` char(2) DEFAULT 'KR',
  `is_valid` tinyint(1) DEFAULT '0',
  `created_at` datetime DEFAULT CURRENT_TIMESTAMP,
  `updated_at` datetime DEFAULT CURRENT_TIMESTAMP ON UPDATE CURRENT_TIMESTAMP,
  PRIMARY KEY (`idx`),
  UNIQUE KEY `number_UNIQUE` (`number`),
  KEY `FK_account_publisher_idx` (`publisher_id`),
  CONSTRAINT `FK_account_publisher` FOREIGN KEY (`publisher_id`) REFERENCES `publisher` (`idx`) ON DELETE CASCADE ON UPDATE CASCADE
) ENGINE=InnoDB AUTO_INCREMENT=6 DEFAULT CHARSET=utf8mb4 COLLATE=utf8mb4_0900_ai_ci;
/*!40101 SET character_set_client = @saved_cs_client */;

--
-- Dumping data for table `account`
--

LOCK TABLES `account` WRITE;
/*!40000 ALTER TABLE `account` DISABLE KEYS */;
INSERT INTO `account` VALUES (1,1,'1234','NH 농협',392264,'KR',1,'2022-02-03 02:39:31','2022-02-19 13:34:04'),(2,2,'42314','카카오뱅크',133070,'KR',1,'2022-02-03 02:39:31','2022-02-19 15:53:21'),(3,3,'12345786','카카오뱅크',9600,'KR',1,'2022-02-18 06:10:44','2022-02-19 13:30:08'),(4,4,'66666666','카카오뱅크',32310,'KR',1,'2022-02-18 06:10:44','2022-02-20 11:39:59'),(5,5,'44444444','우리은행',0,'KR',1,'2022-02-18 06:10:44','2022-02-18 06:10:44');
/*!40000 ALTER TABLE `account` ENABLE KEYS */;
UNLOCK TABLES;

--
-- Table structure for table `category`
--

DROP TABLE IF EXISTS `category`;
/*!40101 SET @saved_cs_client     = @@character_set_client */;
/*!50503 SET character_set_client = utf8mb4 */;
CREATE TABLE `category` (
  `idx` int NOT NULL AUTO_INCREMENT,
  `parent_id` int NOT NULL,
  `name` varchar(32) NOT NULL DEFAULT '',
  PRIMARY KEY (`idx`)
) ENGINE=InnoDB AUTO_INCREMENT=13 DEFAULT CHARSET=utf8mb4 COLLATE=utf8mb4_0900_ai_ci;
/*!40101 SET character_set_client = @saved_cs_client */;

--
-- Dumping data for table `category`
--

LOCK TABLES `category` WRITE;
/*!40000 ALTER TABLE `category` DISABLE KEYS */;
INSERT INTO `category` VALUES (0,0,'ALL'),(1,1,'action'),(2,1,'3dimention'),(3,3,'role playing'),(4,1,'fighting'),(5,3,'roguelike'),(6,3,'action RPG'),(7,7,'sports & racing'),(8,7,'all sports'),(9,7,'racing'),(10,10,'simulation'),(11,10,'build & auto'),(12,10,'farm & craft');
/*!40000 ALTER TABLE `category` ENABLE KEYS */;
UNLOCK TABLES;

--
-- Table structure for table `charge_log`
--

DROP TABLE IF EXISTS `charge_log`;
/*!40101 SET @saved_cs_client     = @@character_set_client */;
/*!50503 SET character_set_client = utf8mb4 */;
CREATE TABLE `charge_log` (
  `idx` int NOT NULL AUTO_INCREMENT,
  `user_id` int NOT NULL,
  `giftcard_id` int NOT NULL,
  `before_money` double NOT NULL,
  `after_money` double NOT NULL,
  `status` tinyint DEFAULT NULL,
  `created_at` datetime DEFAULT CURRENT_TIMESTAMP,
  PRIMARY KEY (`idx`),
  KEY `FK_charge_log_user_idx` (`user_id`),
  KEY `FK_charge_log_giftcard_idx` (`giftcard_id`),
  CONSTRAINT `FK_charge_log_giftcard` FOREIGN KEY (`giftcard_id`) REFERENCES `giftcard` (`idx`) ON UPDATE CASCADE,
  CONSTRAINT `FK_charge_log_user` FOREIGN KEY (`user_id`) REFERENCES `user` (`idx`) ON UPDATE CASCADE
) ENGINE=InnoDB DEFAULT CHARSET=utf8mb4 COLLATE=utf8mb4_0900_ai_ci;
/*!40101 SET character_set_client = @saved_cs_client */;

--
-- Dumping data for table `charge_log`
--

LOCK TABLES `charge_log` WRITE;
/*!40000 ALTER TABLE `charge_log` DISABLE KEYS */;
/*!40000 ALTER TABLE `charge_log` ENABLE KEYS */;
UNLOCK TABLES;

--
-- Table structure for table `friend`
--

DROP TABLE IF EXISTS `friend`;
/*!40101 SET @saved_cs_client     = @@character_set_client */;
/*!50503 SET character_set_client = utf8mb4 */;
CREATE TABLE `friend` (
  `idx` int NOT NULL AUTO_INCREMENT,
  `user_id` int NOT NULL,
  `friend_id` int NOT NULL,
  `created_at` datetime DEFAULT CURRENT_TIMESTAMP,
  PRIMARY KEY (`idx`),
  UNIQUE KEY `UKfjgms704ag67fw25yvl9mdj6f` (`user_id`,`friend_id`),
  KEY `FK_friend_user_1_idx` (`friend_id`),
  CONSTRAINT `FK_friend_user_f` FOREIGN KEY (`friend_id`) REFERENCES `user` (`idx`) ON DELETE CASCADE ON UPDATE CASCADE,
  CONSTRAINT `FK_friend_user_u` FOREIGN KEY (`user_id`) REFERENCES `user` (`idx`) ON DELETE CASCADE ON UPDATE CASCADE
) ENGINE=InnoDB AUTO_INCREMENT=39 DEFAULT CHARSET=utf8mb4 COLLATE=utf8mb4_0900_ai_ci;
/*!40101 SET character_set_client = @saved_cs_client */;

--
-- Dumping data for table `friend`
--

LOCK TABLES `friend` WRITE;
/*!40000 ALTER TABLE `friend` DISABLE KEYS */;
INSERT INTO `friend` VALUES (3,3,4,'2022-02-02 15:49:43'),(4,4,3,'2022-02-02 15:49:43'),(5,5,3,'2022-02-02 15:49:43'),(6,3,5,'2022-02-02 15:49:43'),(17,1,23,'2022-02-11 15:41:02'),(18,23,1,'2022-02-11 15:41:02'),(19,3,23,'2022-02-13 08:19:58'),(20,23,3,'2022-02-13 08:19:58'),(23,68,67,'2022-02-16 17:13:20'),(24,67,68,'2022-02-16 17:13:20'),(25,52,59,'2022-02-16 17:39:12'),(26,59,52,'2022-02-16 17:39:12'),(27,1,14,'2022-02-17 03:00:58'),(28,14,1,'2022-02-17 03:00:58'),(29,14,15,'2022-02-17 03:00:58'),(30,15,14,'2022-02-17 03:00:58');
/*!40000 ALTER TABLE `friend` ENABLE KEYS */;
UNLOCK TABLES;

--
-- Table structure for table `friend_request`
--

DROP TABLE IF EXISTS `friend_request`;
/*!40101 SET @saved_cs_client     = @@character_set_client */;
/*!50503 SET character_set_client = utf8mb4 */;
CREATE TABLE `friend_request` (
  `idx` int NOT NULL AUTO_INCREMENT,
  `user_id` int NOT NULL,
  `requester_id` int NOT NULL,
  `created_at` datetime DEFAULT CURRENT_TIMESTAMP,
  PRIMARY KEY (`idx`),
  UNIQUE KEY `UNIQUE_friend_request` (`user_id`,`requester_id`),
  KEY `FK_friend_request_user_idx` (`user_id`),
  KEY `FK_friend_request_user_2_idx` (`requester_id`),
  CONSTRAINT `FK_friend_request_user` FOREIGN KEY (`user_id`) REFERENCES `user` (`idx`) ON DELETE CASCADE ON UPDATE CASCADE,
  CONSTRAINT `FK_friend_request_user_2` FOREIGN KEY (`requester_id`) REFERENCES `user` (`idx`) ON DELETE CASCADE ON UPDATE CASCADE
) ENGINE=InnoDB AUTO_INCREMENT=33 DEFAULT CHARSET=utf8mb4 COLLATE=utf8mb4_0900_ai_ci;
/*!40101 SET character_set_client = @saved_cs_client */;

--
-- Dumping data for table `friend_request`
--

LOCK TABLES `friend_request` WRITE;
/*!40000 ALTER TABLE `friend_request` DISABLE KEYS */;
INSERT INTO `friend_request` VALUES (8,27,1,'2022-02-09 01:00:37'),(9,15,1,'2022-02-09 01:00:37'),(13,2,19,'2022-02-09 01:23:31'),(15,2,20,'2022-02-09 13:03:52'),(16,2,11,'2022-02-11 17:09:31'),(17,1,30,'2022-02-14 04:07:31'),(18,1,29,'2022-02-14 04:07:31'),(19,1,28,'2022-02-14 04:07:31'),(20,1,27,'2022-02-14 04:07:31'),(21,1,26,'2022-02-14 04:07:31'),(22,68,68,'2022-02-16 16:57:19'),(26,67,16,'2022-02-20 13:36:35'),(27,67,17,'2022-02-20 13:37:29'),(28,67,11,'2022-02-20 21:24:50'),(29,67,20,'2022-02-20 21:26:21'),(31,67,19,'2022-02-21 11:01:19'),(32,67,2,'2022-02-21 11:01:26');
/*!40000 ALTER TABLE `friend_request` ENABLE KEYS */;
UNLOCK TABLES;

--
-- Table structure for table `game`
--

DROP TABLE IF EXISTS `game`;
/*!40101 SET @saved_cs_client     = @@character_set_client */;
/*!50503 SET character_set_client = utf8mb4 */;
CREATE TABLE `game` (
  `idx` int NOT NULL AUTO_INCREMENT,
  `user_id` int NOT NULL,
  `publisher_id` int NOT NULL,
  `name` varchar(100) NOT NULL,
  `description_snippet` varchar(800) DEFAULT '',
  `price` json DEFAULT NULL,
  `sale` int NOT NULL DEFAULT '0',
  `random_sale_accepted` tinyint(1) DEFAULT '0',
  `min_sale` int DEFAULT '10',
  `max_sale` int DEFAULT '30',
  `status` tinyint DEFAULT '1',
  `review_count` int DEFAULT '0',
  `recommend_count` int DEFAULT '0',
  `image` json DEFAULT NULL,
  `video` json DEFAULT NULL,
  `description` json DEFAULT NULL,
  `language` text,
  `os` text,
  `system_requirement_least` json DEFAULT NULL,
  `system_requirement_recommend` json DEFAULT NULL,
  `package` json DEFAULT NULL,
  `created_at` datetime DEFAULT CURRENT_TIMESTAMP,
  `updated_at` datetime DEFAULT CURRENT_TIMESTAMP ON UPDATE CURRENT_TIMESTAMP,
  `download_count` int DEFAULT '0',
  PRIMARY KEY (`idx`),
  UNIQUE KEY `name_UNIQUE` (`name`),
  KEY `FK_game_publisher_idx` (`publisher_id`),
  KEY `FK_game_user_idx` (`user_id`),
  CONSTRAINT `FK_game_publisher` FOREIGN KEY (`publisher_id`) REFERENCES `publisher` (`idx`) ON UPDATE CASCADE,
  CONSTRAINT `FK_game_user` FOREIGN KEY (`user_id`) REFERENCES `user` (`idx`) ON UPDATE CASCADE
) ENGINE=InnoDB AUTO_INCREMENT=82 DEFAULT CHARSET=utf8mb4 COLLATE=utf8mb4_0900_ai_ci;
/*!40101 SET character_set_client = @saved_cs_client */;

--
-- Dumping data for table `game`
--

LOCK TABLES `game` WRITE;
/*!40000 ALTER TABLE `game` DISABLE KEYS */;
INSERT INTO `game` VALUES (1,2,1,'MONSTER HUNTER RISE','역동하는 사냥 본능! 사냥에 새로운 바람을 불러일으킬, 종횡무진으로 도약하는 액션. 마음 가는 대로 달릴 수 있는 필드. 미지의 흥분과 놀라움을 선사할 새로운 몬스터들. 이제껏 없었던 사냥 체험이 「MONSTER HUNTER RISE」에서 헌터들을 기다린다!','{\"KR\": 66800}',6,1,10,60,0,5,2,'{\"sub\": [\"https://cdn.akamai.steamstatic.com/steam/apps/1446780/ss_25686086b61ca88a859bc20d588682be92ab4d63.600x338.jpg?t=1644458556\", \"https://cdn.akamai.steamstatic.com/steam/apps/1446780/ss_d8d96313f1049c800d37a3fc521f06f926fca3ac.600x338.jpg?t=1644458556\", \"https://cdn.akamai.steamstatic.com/steam/apps/1446780/ss_961c552a99c5c64689bebf0e272b13c80947f644.600x338.jpg?t=1644458556\", \"https://cdn.akamai.steamstatic.com/steam/apps/1446780/ss_3f1a758231a78ab3cdd76c2f8f04d5bbec45faeb.600x338.jpg?t=1644458556\", \"https://cdn.akamai.steamstatic.com/steam/apps/1446780/ss_5a601d6ecee22fcd0cb6142aec5ff7de1e1de091.600x338.jpg?t=1644458556\"], \"main\": \"https://cdn.akamai.steamstatic.com/steam/apps/1446780/header.jpg?t=1644458556\"}','{\"sub\": [\"https://cdn.akamai.steamstatic.com/steam/apps/256864285/movie480_vp9.webm?t=1640223329\"], \"main\": \"https://cdn.akamai.steamstatic.com/steam/apps/256864285/movie480_vp9.webm?t=1640223329\"}','\"네르기간테 너무 쎄다\"','[KR,US]','[Window,macOs]',NULL,NULL,NULL,'2022-01-14 11:59:51','2022-02-20 09:56:25',500),(2,2,1,'PUBG: BATTLEGROUNDS','PUBG: BATTLEGROUNDS를 무료로 플레이 하세요. 다양한 전장에서 전략적 위치를 선점하고 무기와 장비를 확보해 최후의 1인이 되기 위한 생존의 사투를 펼칩니다. 친구들과 함께 팀을 만들어 배틀로얄 건플레이 장르의 선구자인 PUBG: BATTLEGROUNDS만이 선사하는 긴장감 넘치는 경험을 위해 도전하세요.','{\"KR\": 10000}',0,1,10,60,0,2,1,'{\"sub\": [\"https://cdn.akamai.steamstatic.com/steam/apps/578080/ss_e2cbfefdff39b9cb8e080da8f30cc07223b041b9.116x65.jpg?t=1642587532\"], \"main\": \"https://cdn.akamai.steamstatic.com/steam/apps/578080/header.jpg?t=1642587532\"}','{\"sub\": [\"https://cdn.akamai.steamstatic.com/steam/apps/256864285/movie480_vp9.webm?t=1640223329\"], \"main\": \"https://cdn.akamai.steamstatic.com/steam/apps/256864285/movie480_vp9.webm?t=1640223329\"}','\"배틀그라운드!!\"','[KR,US]','[Window,macOs]',NULL,NULL,NULL,'2022-01-16 10:17:07','2022-02-20 09:56:25',1200),(3,2,2,'Grand Theft Auto IV: The Complete Edition','니코 벨릭, 조니 클레비츠, 루이스 로페즈는 공통점을 하나 가지고 있습니다. 바로 미국에서 최악의 도시에서 살고 있다는 거죠. 돈과 지위를 숭배하는 리버티 시티, 그곳은 가진 사람에게는 천국이고, 그렇지 못한 사람에겐 생지옥입니다.','{\"KR\": 24400}',0,1,10,60,0,0,0,'{\"sub\": [\"https://cdn.akamai.steamstatic.com/steam/apps/271590/ss_d2eb9d3e50f9e4cb8db37d2976990b3795da8187.116x65.jpg?t=1618856444\", \"https://cdn.akamai.steamstatic.com/steam/apps/1446780/ss_d8d96313f1049c800d37a3fc521f06f926fca3ac.116x65.jpg?t=1642121078\"], \"main\": \"https://cdn.akamai.steamstatic.com/steam/apps/271590/header.jpg?t=1618856444\"}','{\"sub\": [\"https://cdn.akamai.steamstatic.com/steam/apps/256864285/movie480_vp9.webm?t=1640223329\"], \"main\": \"https://cdn.akamai.steamstatic.com/steam/apps/256864285/movie480_vp9.webm?t=1640223329\"}','\"We are making a number of changes to make sure players who own Grand Theft Auto IV and GTA: Episodes from Liberty City can continue to enjoy these games.\"','[US]','[Window,macOs]',NULL,NULL,NULL,'2022-01-16 10:26:08','2022-02-20 09:56:25',1000),(4,1,2,'World War Z: Aftermath','World War Z: Aftermath is the ultimate co-op zombie shooter and the next evolution of the original hit World War Z that has now captivated over 15 million players. Fight off hordes of ravenous zombies in intense story episodes across new zombie-ravaged locations around the world.','{\"KR\": 41000}',10,1,10,60,0,0,0,'{\"sub\": [\"https://cdn.akamai.steamstatic.com/steam/apps/1446780/ss_25686086b61ca88a859bc20d588682be92ab4d63.600x338.jpg?t=1642121078\", \"https://cdn.akamai.steamstatic.com/steam/apps/1446780/ss_d8d96313f1049c800d37a3fc521f06f926fca3ac.116x65.jpg?t=1642121078\"], \"main\": \"https://cdn.akamai.steamstatic.com/steam/apps/1446780/ss_f8249da14987e3c2d10fd4024736f28774c713da.600x338.jpg?t=1642121078\"}','{\"sub\": [\"https://cdn.akamai.steamstatic.com/steam/apps/256864285/movie480_vp9.webm?t=1640223329\"], \"main\": \"https://cdn.akamai.steamstatic.com/steam/apps/256864285/movie480_vp9.webm?t=1640223329\"}','\"World War Z: Aftermath is the ultimate co-op zombie shooter inspired by Paramount Pictures’ blockbuster film, and the next evolution of the original hit World War Z that has now captivated over 15 million players. Turn the tide of the zombie apocalypse on consoles and PC with full cross-play. Join up to three friends or play on your own with AI teammates against hordes of ravenous zombies in intense story episodes across new zombie-ravaged locations around the world. Take back Vatican City in an epic confrontation in Rome, and join forces with survivors in Russia’s snowbound Kamchatka peninsula.\"','[KR,US,FR]','[Window]',NULL,NULL,NULL,'2022-01-16 10:26:08','2022-02-20 09:56:25',29),(5,1,1,'Marvel\'s Guardians of the Galaxy','새롭게 재해석한 마블의 가디언즈 오브 갤럭시에서 우주 곳곳을 종횡무진 누비세요. 이 액션 어드벤처 게임에서 예측 불가능한 가디언즈를 이끄는 스타로드가 되어 일촉즉발의 위기 상황을 헤쳐나가세요. 당신이라면 할 수 있습니다. 아마도.','{\"KR\": 69800}',20,1,10,60,0,1,0,'{\"sub\": [\"https://cdn.akamai.steamstatic.com/steam/apps/1088850/ss_762e9aa91609ac1ef1f20c7dd1a2de2b32060234.600x338.jpg?t=1640081166\", \"https://cdn.akamai.steamstatic.com/steam/apps/1088850/ss_815ef8c726e21a388d8ca331c2609c2d46ceeb32.600x338.jpg?t=1640081166\", \"https://cdn.akamai.steamstatic.com/steam/apps/1088850/ss_d8190bc069fb9c182068811af9914fc333184657.600x338.jpg?t=1640081166\", \"https://cdn.akamai.steamstatic.com/steam/apps/1088850/ss_31f2ca046af6f0c5ee896b421394b415f21ce3d6.600x338.jpg?t=1640081166\", \"https://cdn.akamai.steamstatic.com/steam/apps/1088850/ss_49fa36653ee0ede13091c1364365bf83c01e38f2.600x338.jpg?t=1640081166\"], \"main\": \"https://cdn.akamai.steamstatic.com/steam/apps/1088850/header.jpg?t=1640081166\"}','{\"sub\": [\"https://cdn.akamai.steamstatic.com/steam/apps/256864285/movie480_vp9.webm?t=1640223329\"], \"main\": \"https://cdn.akamai.steamstatic.com/steam/apps/256864285/movie480_vp9.webm?t=1640223329\"}','\"wow\"','[KR,US]','[Window,macOs]',NULL,NULL,NULL,'2022-01-16 10:26:08','2022-02-20 09:56:25',35),(6,1,1,'Red Dead Redemption 2','올해의 게임 175여 개를 수상하고 250개 이상의 완벽한 평가를 받은 Red Dead Redemption 2는 현대 시대가 시작될 무렵 무법자인 아서 모건과 악명 높은 반 더 린드 갱단이 미국 전역을 따라 도주하는 장대한 서사시입니다. 모두가 함께 즐길 수 있는 생생한 세계인 Red Dead 온라인 역시 포함됩니다.','{\"KR\": 66000}',50,1,10,60,0,1,1,'{\"sub\": [\"https://cdn.akamai.steamstatic.com/steam/apps/1174180/ss_66b553f4c209476d3e4ce25fa4714002cc914c4f.600x338.jpg?t=1618851907\", \"https://cdn.akamai.steamstatic.com/steam/apps/1174180/ss_bac60bacbf5da8945103648c08d27d5e202444ca.600x338.jpg?t=1618851907\", \"https://cdn.akamai.steamstatic.com/steam/apps/1174180/ss_668dafe477743f8b50b818d5bbfcec669e9ba93e.600x338.jpg?t=1618851907\", \"https://cdn.akamai.steamstatic.com/steam/apps/1174180/ss_4ce07ae360b166f0f650e9a895a3b4b7bf15e34f.600x338.jpg?t=1618851907\", \"https://cdn.akamai.steamstatic.com/steam/apps/1174180/ss_d1a8f5a69155c3186c65d1da90491fcfd43663d9.600x338.jpg?t=1618851907\"], \"main\": \"https://cdn.akamai.steamstatic.com/steam/apps/1174180/header.jpg?t=1618851907\"}','{\"sub\": [\"https://cdn.akamai.steamstatic.com/steam/apps/256864285/movie480_vp9.webm?t=1640223329\"], \"main\": \"https://cdn.akamai.steamstatic.com/steam/apps/256864285/movie480_vp9.webm?t=1640223329\"}','\"아서 모건과 반 더 린드 갱단은 도주 중인 무법자입니다. 정부 요원과 일류 현상금 사냥꾼들에게 추격당하는 그들은 살아남기 위해 강도질과 도둑질, 싸움을 거듭하며 미국의 험난한 심장부를 달려 나갑니다. 심해져 가는 내부 갈등으로 갱이 해체될 위기 속에서, 아서는 자기를 키워 준 갱에 대한 의리와 자신의 이상 중 하나를 선택해야만 합니다.\"','[KR,US]','[macOs]',NULL,NULL,NULL,'2022-01-16 10:26:08','2022-02-20 09:56:25',52228),(8,4,5,'Dead Cells','Dead Cells은 메트로바니아와 로그라이트의 액션 플랫포머 게임입니다. 체크포인트는 없습니다. 죽이고, 죽이고, 배우고, 반복하십시오.','{\"KR\": 25800}',0,1,0,0,1,0,0,'{\"sub\": [\"https://cdn.akamai.steamstatic.com/steam/apps/588650/ss_b7cf2ca21fe3648c53f808b80393cc727815dcc5.600x338.jpg?t=1641562340\", \"https://cdn.akamai.steamstatic.com/steam/apps/588650/ss_a109be71f065e166ff33ba43853fba0a0d4753d1.600x338.jpg?t=1641562340\", \"https://cdn.akamai.steamstatic.com/steam/apps/588650/ss_a8b0439ad7750cab1bdec86ecef0daa280e9f93f.600x338.jpg?t=1641562340\", \"https://cdn.akamai.steamstatic.com/steam/apps/588650/ss_7bde51ea6c8f6289e85ea1d8c1c941e1f8bfee91.600x338.jpg?t=1641562340\", \"https://cdn.akamai.steamstatic.com/steam/apps/588650/ss_a099416b9f3e09d47c42f87667e6ad6f394ba652.600x338.jpg?t=1641562340\"], \"main\": \"https://cdn.akamai.steamstatic.com/steam/apps/588650/ss_21c61aca6a66745a2abb3f72b93553398fc7fe32.600x338.jpg?t=1641562340\"}','{\"sub\": [\"https://cdn.akamai.steamstatic.com/steam/apps/256867864/movie480_vp9.webm?t=1641490575\", \"https://cdn.akamai.steamstatic.com/steam/apps/256819768/movie480_vp9.webm?t=1611682033\", \"https://cdn.akamai.steamstatic.com/steam/apps/256818190/movie480_vp9.webm?t=1610624263\", \"https://cdn.akamai.steamstatic.com/steam/apps/256755089/movie480.webm?t=1581426951\", \"https://cdn.akamai.steamstatic.com/steam/apps/256774794/movie480.webm?t=1581429615\"], \"main\": \"https://cdn.akamai.steamstatic.com/steam/apps/256867865/movie480_vp9.webm?t=1641490570\"}','\"test\"','[KR]','[Window]',NULL,NULL,NULL,'2022-02-18 06:06:29','2022-02-20 09:56:25',23648),(9,1,4,'Children of Morta','Children of Morta는 비범한 가족 영웅에 대한 스토리 중심의 액션 RPG 게임입니다. 다가오는 부패에 맞서 모든 결함과 미덕을 갖춘 베르그송 가를 이끄세요. 여러분은 여러분이 아끼는 사람들을 구하기 위해 모든 것을 희생할 수 있으신가요?','{\"KR\": 5770}',0,1,0,0,1,1,1,'{\"sub\": [\"https://cdn.akamai.steamstatic.com/steam/apps/330020/ss_e7bbfd5607b247a6931f521c397bcd50328d45fc.600x338.jpg?t=1644913460\", \"https://cdn.akamai.steamstatic.com/steam/apps/330020/ss_7e1a090f480f8392e1e1ae019624425a8ded8484.600x338.jpg?t=1644913460\", \"https://cdn.akamai.steamstatic.com/steam/apps/330020/ss_35184bb42eaf327d0926a8f437ad37d8b1f30652.600x338.jpg?t=1644913460\", \"https://cdn.akamai.steamstatic.com/steam/apps/330020/ss_0845547cac4c10933666ea052efb7b9da217cffd.600x338.jpg?t=1644913460\", \"https://cdn.akamai.steamstatic.com/steam/apps/330020/ss_074324b619a1db674fd935bdeef4e0ab165c55ba.600x338.jpg?t=1644913460\"], \"main\": \"https://cdn.akamai.steamstatic.com/steam/apps/330020/ss_83a775e3ef93bde16a08d009a0ad1fb1b2a43b76.600x338.jpg?t=1644913460\"}','{\"sub\": [\"https://cdn.akamai.steamstatic.com/steam/apps/256828928/movie480_vp9.webm?t=1617800534\", \"https://cdn.akamai.steamstatic.com/steam/apps/256761905/movie480.webm?t=1568378529\", \"https://cdn.akamai.steamstatic.com/steam/apps/256761006/movie480.webm?t=1567520118\"], \"main\": \"https://cdn.akamai.steamstatic.com/steam/apps/256873778/movie480_vp9.webm?t=1644860964\"}','\"게임에 대해&#10;피는 물보다 진하다&#10;칠드런 오브 모르타는 캐릭터 육성에 로그라이트 방식을 접목한 액션 RPG로, 한 명의 캐릭터가 아니라 특별한 영웅 가문 전체를 플레이하는 게임입니다. 게임 진행에 따라 생성되는 던전, 동굴, 땅에 도사리는 수많은 적을 핵 앤 슬래시 방식으로 물리치면서, 결점과 미덕을 모두 갖춘 베르그송 가문의 영웅들을 이끌어 다가오는 타락에 맞서 싸우세요.&#10;특징&#10;&#10;이제 게임에서 이용 가능한 온라인 협력 모드를 통해 멀리 있는 친구와도 함께 게임을 플레이할 수 있게 되었습니다! 스토리 모드와 Family Trials 모드에서 모두 이용 가능한 온라인 협력 모드는 팀을 이루어 부패와 나란히 싸울 수 있는 기회를 제공합니다. 로컬 협력 모드 역시 이용 가능합니다!&#10;&#10;&#10;게임 플레이&#10;현명하게 플레이하세요. 이 게임은 액션 어드벤처 RPG, 로그라이트, 핵 앤 슬래시 게임의 독특한 조화를 보여줍니다. 레벨을 올리면서 캐릭터 개인뿐만 아니라 가문 전체를 육성하게 됩니다. 완전한 죽음은 없으며, 던전에 도전하며 가문 구성원을 바꿔 플레이할 수 있습니다.&#10;&#10;스토리&#10;스토리는 멀리 떨어진 곳의 이야기를 배경으로 누구나 알고 있는 테마와 감정을 다룹니다. 사랑과 희망, 열망과 불안, 궁극적으로는 상실과 가장 아끼는 사람들을 구하기 위해 기꺼이 몸을 던지는 희생에 대한 이야기가 펼쳐집니다. 이것은 다가오는 어둠에 맞서는 영웅 가문의 이야기입니다.&#10;&#10;던전 크롤&#10;게임의 모든 던전은 게임 진행에 따라 생성됩니다. 즉, 모험을 떠날 때마다 던전의 모습이 달라진다는 의미입니다. 각 던전은 2~4층으로 구성되며 마지막에는 던전의 보스와 보스전을 치릅니다. 언제든 이전 던전으로 돌아가 추가 경험치를 얻거나 모든 사이드 퀘스트를 완료할 수 있습니다.&#10;&#10;캐릭터 & 스킬&#10;원거리 공격, 마법 스펠, 블록, 스턴, 힐링, 회피, 패시브 스킬. 이 모든 것을 발견하고 잠금 해제해 업그레이드하는 일은 내 손에 달렸습니다. 7명의 서로 다른 가문 구성원을 선택할 수 있으며, 각자 고유한 스킬셋을 가집니다. 아버지 존은 검과 방패를 쥔 방어형 전사입니다. 큰딸 린다는 정교함으로 승부하는 궁수입니다. 케빈은 치명적인 단검을 들고 조용히 싸웁니다. 활발하고 대담한 루시는 불 마법을 다루는 메이지이며, 마크는 주의 깊은 무예가입니다. 조이는 대형 해머로 적을 완전히 박살내죠. 가장 최근에 가문의 구성원이 된 에이펜은 강력한 힐러이자 튼튼한 방어 능력을 자랑합니다.&#10;&#10;아트 스타일&#10;손으로 직접 작업한 픽셀 아트, 프레임 단위로 완성한 애니메이션이 현대적인 라이팅 기법과 어우러져 아름답고도 위험한 칠드런 오브 모르타의 세계를 생생하게 그려냅니다!&#10;&#10;고대 개발 로드맵의 시대가 모두 끝이 났습니다. 파이널 포인트인 Fellowship Sanctuary에 도달한 플레이어에게 2인용 플레이어용 온라인 협력 모드를 무료로 업데이트해 드립니다. 온라인 협력 모드는 모든 게임 모드(스토리 및 Family Trials)에서 이용 가능하며, 로컬 협력 모드와 마찬가지로, 각 Children of Morta의 전사들의 고유한 전투 스타일에 맞게 다양한 플레이 스타일을 제공합니다.&#10;전체 개발 로드맵와 그동안 추가되었던 모든 사항들을 살펴보세요:&#10;1. Shrine of Challenge - 2020년 2월 2일 방문함.&#10;신규 난이도 설정 및 새롭고 반짝이는 아이템 팩.&#10;&#10;2. Setting Sun Inn - 2020년 5월 7일 방문함.&#10;게임에 새 게임+ 모드 추가됨.&#10;&#10;3. Bergsons&#39; House - 2020년 6월 24일 방문함.&#10;플레이 가능한 신규 캐릭터: 에이판.&#10;&#10;4. A Treasure! - 2020년 8월 24일 방문함.&#10;신규 아이템 팩.&#10;&#10;5. Paws and Claws: Charity DLC - 2020년 8월 24일 방문함.&#10;신규 메커니즘 및 이벤트를 포함하여 동물 보호소 시스템이 추가됨. 본 DLC의 수익금 100%는 휴메인소사이어티 인터내셔널(HSI)로 기부됩니다!&#10;&#10;6. Temple of The Endless - 2021년 4월 7일 방문함.&#10;게임에 가족의 시련이라는 신규 모드을 추가하는 주요 업데이트입니다.&#10;&#10;7. Ancient Spirits - 2021년 10월 7일 방문함.&#10;플레이 가능한 신규 캐릭터 및 추가 아이템!&#10;&#10;8. Fellowship Sanctuary - 2022년 2월 14일 방문함.&#10;본 무료 업데이트에서는 오랫동안 기다렸던 온라인 협력 모드를 소개합니다!&#10;여기를 클릭해 업데이트된 로드맵을 확인할 수 있습니다.\"','[KR]','[Window]',NULL,NULL,NULL,'2022-02-18 06:27:29','2022-02-20 09:56:25',192420),(10,5,1,'Sea of Thieves','Sea of Thieves는 항해와 전투부터 탐사와 약탈까지 근본적인 해적 경험을 제공합니다. 해적으로 살고 스스로의 힘으로 전설이 되기 위해 필요한 모든 것이 있습니다. 정해진 역할이 없으므로, 완전히 자유롭게 세상을 돌아다니고, 원하는 플레이어에게 접근할 수 있습니다. 단체로 또는 혼자서 항해하는 동안, 여러분은 이 공유된 세상에서 다른 크루들과 마주치게 됩니다. 이들은 친구일까요 적일까요, 그리고 여러분은 어떻게 대응할까요?','{\"KR\": 39400}',0,1,0,0,1,1,0,'{\"sub\": [\"https://cdn.akamai.steamstatic.com/steam/apps/1172620/ss_e7be384ccfe3ec8a8d4a2e777d09cb84684304af.600x338.jpg?t=1645109415\", \"https://cdn.akamai.steamstatic.com/steam/apps/1172620/ss_8c74f225c1b5fefe6636278893570748994630f8.600x338.jpg?t=1645109415\", \"https://cdn.akamai.steamstatic.com/steam/apps/1172620/ss_a7df547f81e4e19c39685e4c0048a30c0fd17a01.600x338.jpg?t=1645109415\", \"https://cdn.akamai.steamstatic.com/steam/apps/1172620/ss_710c9cd0579b7464fd1fb79355094a053526851b.600x338.jpg?t=1645109415\", \"https://cdn.akamai.steamstatic.com/steam/apps/1172620/ss_3e09568d2aae8afca3b3db29704718ca3162cada.600x338.jpg?t=1645109415\"], \"main\": \"https://cdn.akamai.steamstatic.com/steam/apps/1172620/ss_db93a181951437ffb3f7c2a45d0cb8351e1d8fc1.600x338.jpg?t=1645109415\"}','{\"sub\": [\"https://cdn.akamai.steamstatic.com/steam/apps/256840744/movie480_vp9.webm?t=1624888977\", \"https://cdn.akamai.steamstatic.com/steam/apps/256830637/movie480_vp9.webm?t=1618508664\", \"https://cdn.akamai.steamstatic.com/steam/apps/256789788/movie480_vp9.webm?t=1592821011\"], \"main\": \"https://cdn.akamai.steamstatic.com/steam/apps/256838705/movie480_vp9.webm?t=1623609277\"}','\"게임에 대해&#10;게임에 대하여&#10;Sea of Thieves는 항해와 전투부터 탐사와 약탈까지, 해적질의 모든 걸 체험하게 해줍니다. 해적으로 살고 스스로의 힘으로 전설의 반열에 올라 보세요. 정해진 역할이 없으므로 이 세상에서 무엇을 할지, 다른 플레이어를 어떻게 대할지는 여러분 마음에 달려 있습니다. 단체로 또는 혼자서 항해하는 동안, 여러분은 하나의 세상에서 다른 크루와 마주치게 됩니다. 이들은 친구일까요 적일까요? 그리고 여러분은 어떻게 대응할까요?&#10;광대한 오픈 월드&#10;자연이 살아 있는 섬과 침몰한 함선, 신비로운 유물로 가득한 광대한 오픈 월드를 탐험해 보세요. 퀘스트를 받아 잃어버린 보물을 찾거나, 저주받은 스켈레톤 선장을 추적하거나, 무역 회사를 위해 귀중한 화물을 수집해 보세요. 사냥을 하거나, 물고기를 잡거나, 수백 가지 선택 목표 및 사이드 퀘스트를 완료해 보세요.&#10;Sea of Thieves: 해적의 삶&#10;&#39;허풍선이 이야기&#39;를 플레이하여 Sea of Thieves의 고유한 스토리 캠페인을 체험하고, 디즈니 캐리비안의 해적이 도적의 바다를 찾아온 최신 오리지널 스토리에서 잭 스패로우 선장과 함께 항해해 보세요. 몰입감 있는 한 편의 영화 같은 이 퀘스트들은 약 30시간의 환상적인 해적 모험을 제공합니다.&#10;전설의 해적이 되세요&#10;전설의 해적이 되기 위한 여정을 떠나 전리품을 모으고, 평판을 쌓고, 고생해서 얻은 보상으로 캐릭터를 원하는 스타일로 꾸며 보세요. 모험가와 탐험가, 그리고 정복자... 여러분의 해적은 이 중에 무엇이 되고, 어떤 전설을 남길까요?&#10;계속 성장하는 게임&#10;다섯 개의 대형 확장팩이 출시되고, 거의 1년 분량의 월간 업데이트를 거친 Sea of Thieves는 계속해서 성장하고 진화하는 게임입니다. 매달 어떤 새로운 콘텐츠가 추가되는지 기대하게 될 거예요.\"','[KR]','[Window]',NULL,NULL,NULL,'2022-02-18 06:45:27','2022-02-20 09:56:25',72478),(11,7,2,'Zombie Army 4: Dead War','Hitler’s hordes are back for more in this spine-chilling shooter from the makers of Sniper Elite 4! Abominable occult enemies, epic weapons and a harrowing new campaign for 1-4 players await in 1940s Europe, as you fight to save humankind from undead Armageddon!','{\"KR\": 51000}',38,1,0,0,1,0,0,'{\"sub\": [\"https://cdn.akamai.steamstatic.com/steam/apps/330020/ss_e7bbfd5607b247a6931f521c397bcd50328d45fc.600x338.jpg?t=1644913460\", \"https://cdn.akamai.steamstatic.com/steam/apps/330020/ss_7e1a090f480f8392e1e1ae019624425a8ded8484.600x338.jpg?t=1644913460\", \"https://cdn.akamai.steamstatic.com/steam/apps/330020/ss_35184bb42eaf327d0926a8f437ad37d8b1f30652.600x338.jpg?t=1644913460\", \"https://cdn.akamai.steamstatic.com/steam/apps/330020/ss_0845547cac4c10933666ea052efb7b9da217cffd.600x338.jpg?t=1644913460\", \"https://cdn.akamai.steamstatic.com/steam/apps/330020/ss_074324b619a1db674fd935bdeef4e0ab165c55ba.600x338.jpg?t=1644913460\"], \"main\": \"https://cdn.akamai.steamstatic.com/steam/apps/330020/ss_83a775e3ef93bde16a08d009a0ad1fb1b2a43b76.600x338.jpg?t=1644913460\"}','{\"sub\": [\"https://cdn.akamai.steamstatic.com/steam/apps/256822673/movie480_vp9.webm?t=1613660442\"], \"main\": \"https://cdn.akamai.steamstatic.com/steam/apps/256821959/movie480_vp9.webm?t=1613660433\"}','\"게임에 대해&#10;히틀러의 수많은 좀비 떼가 스릴 넘치는 슈팅 게임으로 다시 돌아왔습니다! 최대 4명의 플레이어들을 위한 오컬트 괴물, 강력한 무기 그리고 새로운 캠페인을 통해 언데드 아마게돈으로부터 인류를 구원하십시오!&#10;&#10;&#10;충격적인 새로운 캠페인&#10;저항군은 좀비 히틀러를 물리치고 지옥으로 보내 버렸지만 이전보다도 더 굶주린 언데드 무리가 다시 한번 돌아왔습니다!&#10;좀비 아미 트릴로지의 대체 역사에서 벌어지는 거대한 규모의 새로운 레벨을 진행하고 생존자 여단과 함께 이탈리아와 유럽 전역에서 일어나는 사악한 계획을 저지하십시오!&#10;시체가 가득한 운하에서 어둠의 군단과 맞서 싸우고 좀비 동물원에서 생존하여 누구도 가 본 적이 없는 어둡고 불가사이한 장소를 탐험합니다... 그리고 살아남으십시오!&#10;&#10;수상 경력에 빛나는 건 플레이&#10;스나이퍼 엘리트 시리즈로 유명한 Rebellion의 게임 장르를 대표하는 탄도학을 경험하고 서서히 다가오는 망자의 군단에 맞서 탄도학을 적용해보십시오!&#10;&#10;업그레이드 된 킬 캠과 절단 효과&#10;X레이 킬 캠 카메라가 돌아왔습니다! 유혈이 가득한 슬로우 모션으로 탄환, 폭탄 그리고 여러 다양한 무기가 뼈와 장기를 파괴하는 모습을 X레이로 볼 수 있습니다. 총탄이 썩은 팔 다리를 날리는 장면을 감상하고 망자가 계속 몰려오는 스릴감 넘치는 상황을 경험하세요!\"','[KR]','[Window]',NULL,NULL,NULL,'2022-02-18 07:06:34','2022-02-20 09:56:25',46602),(12,1,3,'THE KING OF FIGHTERS XV','SHATTER ALL EXPECTATIONS 모든 것을 뛰어넘는 \"XV\"의 탄생!','{\"KR\": 64800}',21,1,0,0,1,1,0,'{\"sub\": [\"https://cdn.akamai.steamstatic.com/steam/apps/1498570/ss_67261dc701d58d1cdb581e155fb7185c7e8d6c90.600x338.jpg?t=1645084787\", \"https://cdn.akamai.steamstatic.com/steam/apps/1498570/ss_303a91a683131f7deb6e07c304c48ccaf1c4edf1.600x338.jpg?t=1645084787\", \"https://cdn.akamai.steamstatic.com/steam/apps/1498570/ss_a564ef3489b58dbd2ebeb37846325fffeecff949.600x338.jpg?t=1645084787\", \"https://cdn.akamai.steamstatic.com/steam/apps/1498570/ss_0e1f166b567e41daabf2a3302e7508d7596ddc8b.600x338.jpg?t=1645084787\", \"https://cdn.akamai.steamstatic.com/steam/apps/1498570/ss_5db4fb0fa25d185dcb1fa3a11282defbc50b3ad2.600x338.jpg?t=1645084787\"], \"main\": \"https://cdn.akamai.steamstatic.com/steam/apps/1498570/ss_a78f803bb251e541225b0d82b8c7ce30fc823bdd.600x338.jpg?t=1645084787\"}','{\"sub\": [], \"main\": \"https://cdn.akamai.steamstatic.com/steam/apps/256869158/movie480_vp9.webm?t=1643680783\"}','\"게임에 대해&#10;【상품 내용】&#10;THE KING OF FIGHTERS XV Standard Edition&#10;■&#39;THE KING OF FIGHTERS XV&#39; 게임 본편&#10;&#10;【특전 내용】&#10;■조기 구입 특전&#10;KOF XV DLC Costume &quot;GAROU: MotW TERRY&quot;&#10;■한정 특전&#10;KOF XV DLC Costume &quot;CLASSIC LEONA&quot;&#10;&#10;※조기 구입 특전의 증정 기간은 2022년 3월 9일까지 입니다.&#10;&#10;------------------&#10;&#10;THE KING OF FIGHTERS XV Deluxe Edition&#10;【상품 내용】&#10;■&#39;THE KING OF FIGHTERS XV&#39; 게임 본편&#10;■KOF XV DLC Characters &quot;Team GAROU&quot; (2022년 3월 배포예정)&#10;■KOF XV DLC Characters &quot;Team SOUTH TOWN&quot; (2022년 5월 배포예정)&#10;&#10;【특전 내용】&#10;■조기 구입 특전&#10;KOF XV DLC Costume &quot;GAROU: MotW TERRY&quot;&#10;■한정 특전&#10;KOF XV DLC Costume &quot;CLASSIC LEONA&quot;&#10;&#10;※조기 구입 특전의 증정 기간은 2022년 3월 9일까지 입니다.&#10;&#10;------------------&#10;&#10;【게임 내용】&#10;SHATTER ALL EXPECTATIONS&#10;모든 것을 뛰어넘는 &quot;XV&quot;의 탄생!&#10;&#10;1994년에 탄생한 이래로 매력적인 캐릭터와 독자적인 게임 시스템으로 전 세계 유저들을 열광시킨 격투게임 &quot;KOF&quot;시리즈. 전작으로부터 6년의 시간이 지나, 그래픽과 시스템, 온라인등 모든 것을 뛰어넘은 &quot;KOF XV&quot;이 드디어 완성!&#10;&#10;&#10;&#10;■ 총 39 캐릭터 참전&#10;역대 인기 캐릭터 및 부활 캐릭터, 신규 캐릭터등이 참전! KOF 사상 가장 뜨거운 드림 매치가 개막!&#10;&#10;■ 클라이맥스로 향하는 스토리&#10;스토리 모드에서는 전작에 이은 &#39;새로운 KOF 스토리&#39;가 전개. 이야기는 마침내 클라이맥스로!&#10;&#10;&#10;&#10;■ 시리즈 집대성의 배틀 시스템&#10;시리즈 전통의 &#39;3 on 3 팀 배틀&#39;을 계승함과 동시에 새로운 시스템을 탑재. 이제껏 없었던 스피드감과 상쾌함을 즐길 수 있다!&#10;&#10;■ 쾌적하고도 다채로운 온라인 대전&#10;온라인 대전의 넷 코드에는 롤백 방식을 채용. 거기에 다양한 즐거움을 체험할 수 있는 풍부한 대전 메뉴도 탑재!&#10;&#10;&#10;&#10;■ KOF를 즐길 수 있는 콘텐츠가 가득&#10;무비나 보이스 감상이 가능한 &#39;갤러리&#39;와 &quot;KOF&quot; 시리즈등의 인기 악곡을 300곡 이상 수록한 &#39;DJ 스테이션&#39;을 새로이 탑재.\"','[KR]','[Window]',NULL,NULL,NULL,'2022-02-18 07:08:45','2022-02-20 09:56:25',181010),(13,6,1,'NBA 2K22','NBA 2K22가 완전한 농구 유니버스를 선사합니다. NBA 2K22에서는 누구든지 어디서든 농구를 즐길 수 있습니다.','{\"KR\": 21400}',30,1,0,0,1,0,0,'{\"sub\": [\"https://cdn.akamai.steamstatic.com/steam/apps/1644960/ss_54cf4ed3eeedb9bd496717af00574957e3d4cfe5.600x338.jpg?t=1642176426\", \"https://cdn.akamai.steamstatic.com/steam/apps/1644960/ss_c33826ad63621440fc6384e89dcbbca28f84f125.600x338.jpg?t=1642176426\", \"https://cdn.akamai.steamstatic.com/steam/apps/1644960/ss_e019ab65ce02ddf9fa7d9f3eef18fd7e70c01171.600x338.jpg?t=1642176426\", \"https://cdn.akamai.steamstatic.com/steam/apps/1644960/ss_ecfd2110a05bf2bb9115f12491771c4b57c92d6b.600x338.jpg?t=1642176426\", \"https://cdn.akamai.steamstatic.com/steam/apps/1644960/ss_ee0313e180a4d87ffd5e20a01898f36fb6b060bf.600x338.jpg?t=1642176426\"], \"main\": \"https://cdn.akamai.steamstatic.com/steam/apps/1644960/ss_d0ce716c24b5d4ebe318512138b1e0f8445e7683.600x338.jpg?t=1642176426\"}','{\"sub\": [], \"main\": \"https://cdn.akamai.steamstatic.com/steam/apps/256843283/movie480_vp9.webm?t=1626480438\"}','\"게임에 대해&#10;농구의 세계&#10;NBA 2K22로 농구의 세계가 당신의 손안에서 펼쳐집니다. 지금 현실 같은 NBA 및 WNBA 환경에서 실제 팀과 선수를 상대로 플레이하세요. MyTEAM에서 오늘날 NBA 스타들과 과거 전설들로 최강의 판타지 로스터를 구축하세요. MyCAREER에서 프로 선수의 삶을 살아보면서 NBA에서 최고가 되는 기분을 느껴보세요. MyGM 및 MyLEAGUE에서는 막강한 권력의 책임자가 되어 팀 관리 능력을 마음껏 뽐낼 수 있습니다. NBA 2K22에서는 누구든지 어디서든 농구의 재미를 만끽할 수 있습니다.&#10;새로운 차원의 경기&#10;새로운 전략이 추가된 공격과 완전히 개선된 수비가 만나 한층 더 치열하고 몰입감 넘치는 NBA 2K22를 만듭니다. 스킬 기반 드리블, 슛, 덩크 및 앨리웁을 펼치며 공격하고, 격렬한 새 블록 및 견제 동작으로 수비하세요.&#10;모두가 탑승한 크루즈&#10;PC를 위해 만들어진 완전히 새로워진 2K22 동네에서는 대양으로 떠나는 크루즈 여행을 경험할 수 있습니다. 나만의 완벽한 MyPLAYER를 생성하고, 레벨 업하여 보상을 획득하며, 나만의 경기와 스타일을 통해 자신을 마음껏 표현해보세요.&#10;나만의 드림팀&#10;궁극의 NBA 판타지 경쟁 모드인 NBA 2K22 MyTEAM에서 수집하고, 제작하고 경기를 뛰어보세요. 과거와 현재의 NBA 스타 및 전설적인 선수들로 항상 꿈꿔왔던 라인업을 구성하고, 혁신적인 변화를 거치게 될 MyTEAM으로 경기를 새롭게 즐겨보세요. 매 시즌 새로운 기능이 추가됩니다.&#10;새로운 시즌, 새로운 발견&#10;2022년을 불꽃놀이와 농구 경기로 시작하며 시즌 4와 호랑이의 해를 기념하세요. 호랑이의 눈으로 코트를 누비세요. 당신의 능력을 증명하기 위해 사냥에 나서 앞발을 휘두를 준비 하세요.\"','[KR]','[macOS]',NULL,NULL,NULL,'2022-02-18 07:10:24','2022-02-20 09:56:25',27765),(14,6,2,'Grand Theft Auto V','PC용 Grand Theft Auto V는 각종 수상에 빛나는 로스 산토스와 블레인 카운티의 거대한 세상을 최대 4K 이상의 해상도로 둘러볼 수 있는 기회를 플레이어에게 제공하며, 초당 60프레임으로 게임을 실행할 수도 있습니다.','{\"KR\": 45000}',25,1,0,0,1,0,0,'{\"sub\": [\"https://cdn.akamai.steamstatic.com/steam/apps/271590/ss_2744f112fa060320d191a50e8b3a92441a648a56.600x338.jpg?t=1618856444\", \"https://cdn.akamai.steamstatic.com/steam/apps/271590/ss_da39c16db175f6973770bae6b91d411251763152.600x338.jpg?t=1618856444\", \"https://cdn.akamai.steamstatic.com/steam/apps/271590/ss_bd5db78286be0a7c6b2c62519099a9e27e6b06f3.600x338.jpg?t=1618856444\", \"https://cdn.akamai.steamstatic.com/steam/apps/271590/ss_b1a1cb7959d6a0e6fcb2d06ebf97a66c9055cef3.600x338.jpg?t=1618856444\", \"https://cdn.akamai.steamstatic.com/steam/apps/271590/ss_bc5fc79d3366c837372327717249a4887aa46d63.600x338.jpg?t=1618856444\"], \"main\": \"https://cdn.akamai.steamstatic.com/steam/apps/271590/ss_32aa18ab3175e3002217862dd5917646d298ab6b.600x338.jpg?t=1618856444\"}','{\"sub\": [\"https://cdn.akamai.steamstatic.com/steam/apps/256703158/movie480.webm?t=1512687127\", \"https://cdn.akamai.steamstatic.com/steam/apps/256698009/movie480.webm?t=1507927977\", \"https://cdn.akamai.steamstatic.com/steam/apps/256693675/movie480.webm?t=1504052067\", \"https://cdn.akamai.steamstatic.com/steam/apps/256686773/movie480.webm?t=1497912596\", \"https://cdn.akamai.steamstatic.com/steam/apps/256683840/movie480.webm?t=1493230307\"], \"main\": \"https://cdn.akamai.steamstatic.com/steam/apps/256757118/movie480.webm?t=1563930531\"}','\"게임에 대해&#10;어느 날 문득, 동네 건달과 은퇴한 은행 강도, 미치광이 사이코패스는 자신들이 어두운 범죄 세계와 미국 정부 기관, 엔터테인먼트 회사의 가장 끔찍하고 무시무시한 현실과 복잡하게 얽혀 있다는 걸 깨닫습니다. 아무도 믿을 수 없는, 서로조차 믿을 수 없는 이 무자비한 도시에서 살아남기 위해 그들은 여러 번의 위험한 습격에 몸을 던져야 합니다.&#10;&#10;PC용 Grand Theft Auto V는 각종 수상에 빛나는 로스 산토스와 블레인 카운티의 거대한 세상을 최대 4K 이상의 해상도로 둘러볼 수 있는 기회를 플레이어에게 제공하며, 초당 60프레임으로 게임을 실행할 수도 있습니다.&#10;&#10;게임에서는 PC 사양에 따라 다양하게 설정할 수 있는 세분화된 옵션을 제공합니다. 텍스처 품질, 셰이더, 테셀레이션, 안티 앨리어싱 등 25개 이상의 개별 설정 옵션을 포함하여, 키보드와 마우스 조작을 자유롭게 지정할 수 있는 다양한 옵션도 지원합니다. 또한, 인구 밀도 슬라이더를 사용해 차량과 보행자의 통행량을 조정할 수 있을 뿐 아니라, 듀얼 모니터와 트리플 모니터 지원, 3D 호환성, 플러그 앤 플레이 컨트롤러 지원 등의 기능도 포함되어 있습니다.&#10;&#10;PC용 Grand Theft Auto V에는 Grand Theft Auto 온라인도 포함되어 있으며, 30명의 플레이어와 2명의 관전자를 지원합니다. PC용 Grand Theft Auto 온라인은 습격과 대적 모드를 포함하여 Grand Theft Auto 온라인 서비스가 시작된 이후에 실시된 지금까지의 모든 게임 플레이 업그레이드와 Rockstar 제작 콘텐츠가 포함되어 있습니다.&#10;&#10;PC용 Grand Theft Auto V와 Grand Theft Auto 온라인에서는 1인칭 모드도 지원하므로, 플레이어는 로스 산토스와 블레인 카운티의 놀랍도록 세밀한 세상을 완전히 새로운 방식으로 둘러볼 수 있습니다.&#10;&#10;PC용 Grand Theft Auto V에서 처음으로 선보이는 Rockstar 편집기는 Grand Theft Auto V와 Grand Theft Auto 온라인에서 쉽고 간편하게 게임 영상을 녹화하고 편집, 공유할 수 있는 강력한 제작 도구입니다. Rockstar 편집기의 디렉터 모드에서는 플레이어가 주요 스토리 캐릭터나 시민, 심지어 동물까지 캐스팅해서 생명을 불어넣고 원하는 장면을 직접 연출할 수 있습니다. 패스트 모션과 슬로우 모션, 다양한 카메라 필터, GTAV 라디오 방송국에서 원하는 음악을 추가하거나 게임의 오리지널 스코어를 삽입하고 역동적으로 강약을 조절할 수 있는 등의 효과를 편집하고 세밀한 카메라 조정도 가능합니다. 완성된 동영상은 Rockstar 편집기에서 곧바로 YouTube와 Rockstar Games Social Club에 업로드해서 쉽게 공유할 수 있습니다.&#10;&#10;사운드트랙 아티스트인 The Alchemist와 Oh No가 돌아와서 새로운 라디오 방송국인 The Lab FM을 진행합니다. 이 방송국에서는 게임의 오리지널 사운드트랙에서 영감을 받아 둘이 함께 만든 새로운 독점 음악을 제공합니다. Earl Sweatshirt, Freddie Gibbs, Little Dragon, Killer Mike, Future Islands의 Sam Herring 및 그 외 많은 아티스트가 게스트로 참여합니다. 또한, 플레이어가 직접 만든 사운드트랙으로 진행되는 새로운 라디오 방송국인 셀프 라디오를 선택해서 자신만의 음악을 즐기며 로스 산토스와 블레인 카운티를 돌아다닐 수도 있습니다.&#10;&#10;&#10;특별 콘텐츠를 이용하려면 Rockstar Games Social Club 계정이 필요합니다. 자세한 내용을 보려면 http://rockstargames.com/v/bonuscontent를 방문하십시오.\"','[KR]','[Window,macOs]',NULL,NULL,NULL,'2022-02-18 07:59:17','2022-02-20 09:56:25',4171),(15,2,2,'Left 4 Dead 2','좀비 대재앙을 배경으로 한 Left 4 Dead 2(L4D2)는 2008년도 최고의 협동 게임이자 여러 수상 경력을 자랑하는 Left 4 Dead를 잇는 대망의 후속작입니다. 이 공포 협동 액션 게임은 5개의 추가된 캠페인을 통해 사바나에서 뉴올리언스까지 이어지는 미국 최남단의 도시, 늪지대, 공동묘지 등으로 여러분과 친구들을 안내할 것입니다.여러분은 다양하고 파괴적인 기존의 무기와 한층 업그레이드 된 무기로 무장한 새로운 생존자 네 명 중 한 명으로 플레이하게 됩니다.','{\"KR\": 10500}',50,1,0,0,1,1,1,'{\"sub\": [\"https://cdn.akamai.steamstatic.com/steam/apps/550/ss_29b3b4f2a3994c889f6fc12e0781d9d4726ef33f.600x338.jpg?t=1630686839\", \"https://cdn.akamai.steamstatic.com/steam/apps/550/ss_9488e329bb42d792a059fb44cb7135d25b6262f5.600x338.jpg?t=1630686839\", \"https://cdn.akamai.steamstatic.com/steam/apps/550/ss_6ec4ee04d4924b099e25ce79f3d6571c3b623b3b.600x338.jpg?t=1630686839\", \"https://cdn.akamai.steamstatic.com/steam/apps/550/ss_73ad69168a263ce585e4823d9607d901719ca3c5.600x338.jpg?t=1630686839\", \"https://cdn.akamai.steamstatic.com/steam/apps/550/ss_a9c1227ffe8a1968e234b3ebda08e773fc619e37.600x338.jpg?t=1630686839\"], \"main\": \"https://cdn.akamai.steamstatic.com/steam/apps/550/ss_2eae29fbdfe8e5e8999b96d8bb28c5db70507968.600x338.jpg?t=1630686839\"}','{\"sub\": [], \"main\": \"https://cdn.akamai.steamstatic.com/steam/apps/5952/movie480.webm?t=1447353587\"}','\"게임에 대해&#10;좀비 대재앙을 배경으로 한 Left 4 Dead 2(L4D2)는 2008년도 최고의 협동 게임이자 여러 수상 경력을 자랑하는 Left 4 Dead를 잇는 대망의 후속작입니다.&#10;이 공포 협동 액션 게임은 5개의 추가된 캠페인을 통해 사바나에서 뉴올리언스까지 이어지는 미국 최남단의 도시, 늪지대, 공동묘지 등으로 여러분과 친구들을 안내할 것입니다.&#10;여러분은 다양하고 파괴적인 기존의 무기와 한층 업그레이드 된 무기로 무장한 새로운 생존자 네 명 중 한 명으로 플레이하게 됩니다. 총기 이외에도 여러분은 전기톱, 도끼, 심지어 죽음의 프라이팬까지 대학살을 가능케 해주는 다양한 근접 무기들로 감염자들을 상대하게 될 것입니다.&#10;이러한 무기를 훨씬 더 무섭고 강력한 세 종류의 새로운 특수 감염자들에게 써먹어 보거나 대전모드에서 직접 특수 좀비가 되어 플레이할 수도 있습니다. 또한, 여러분은 무시무시한 머드맨을 포함한 다섯 종류의 비범한 새로운 일반 감염자들을 마주하게 됩니다.&#10;AI Director 2.0은 L4D의 격렬하고 박진감 넘치는 게임플레이를 한 층 더 높은 수준으로 끌어올려 줍니다. 더욱 향상된 Director는 진행 상황에 맞춰서 적의 숫자와 효과, 소리를 조절하는 것 외에도 여러분들이 싸워나갈 환경의 날씨와 이동경로를 단계적으로 조절할 수 있는 능력을 갖추었습니다. L4D2는 게임을 할 때마다 나만의 플레이 스타일에 딱 맞는 만족감과 독특한 난이도와 도전적인 경험을 보장합니다.&#10;&#10;Half-Life, Portal, Team Fortress 그리고 Counter-Strike의 제작진이 선사하는 차세대 협동 액션 게임.&#10;&#10;20가지가 넘는 새로운 무기와 아이템 그리고 좀비들과의 근접전을 가능케 해주는 도끼, 전기톱, 프라이팬, 야구방망이를 비롯한 10가지가 넘는 근접 무기들&#10;&#10;새로운 생존자들. 새로운 이야기. 새로운 대화 내용.&#10;&#10;협동, 대전, 서바이벌 모드를 지원하는 다섯 개의 확장 캠페인.&#10;&#10;완전히 새로운 멀티플레이어 모드.&#10;&#10;비범한 일반 좀비들. 새로운 다섯 개의 캠페인에는 각 캠페인에만 독점적으로 나오는 최소 한 종류 이상의 비범한 일반 좀비들이 등장합니다.&#10;&#10;AI Director 2.0: &#39;The AI Director&#39;라는 이름의 차세대 기술이 플레이어의 게임 진행에 따른 적 숫자, 효과, 음악 등의 조절을 통해 L4D의 독특한 게임플레이를 이끌어냅니다. L4D2 는 맵 배치, 물건, 날씨 그리고 시간대를 반영한 광원효과까지 조절하는 기능이 추가된 &#39;The AI Director 2.0&#39;을 탑재하고 있습니다.&#10;&#10;협동 플레이를 유도하는 통계와 순위, 보상 시스템\"','[KR]','[Window]',NULL,NULL,NULL,'2022-02-18 08:08:34','2022-02-20 09:56:25',7322),(16,2,3,'NARAKA: BLADEPOINT','이소룡과 새로운 무기 쌍절곤이 모러스 섬에 등장하였습니다. 칼날을 휘둘러 적을 몰살하고, 조총으로 상대를 암살하는 화려한 전투 액션을 체험하라! 지붕 위를 넘나들며 숲속을 가로지르고, 각기 다른 영웅의 능력을 사용하여 적을 멸살하라! 기존에는 없었던 새로운 60명 배틀로얄 게임, 최후에 생존자가 되어라!','{\"KR\": 22500}',5,1,0,0,1,0,0,'{\"sub\": [\"https://cdn.akamai.steamstatic.com/steam/apps/1203220/ss_dd8cb2c335a6142b4a85008b396d4a39cde4942f.600x338.jpg?t=1645164858\", \"https://cdn.akamai.steamstatic.com/steam/apps/1203220/ss_609fbc4454131e31502b21b8aaa9ec54027223df.600x338.jpg?t=1645164858\", \"https://cdn.akamai.steamstatic.com/steam/apps/1203220/ss_b6b0116d6e8db718ba95964fc6d3a19571ba2ac7.600x338.jpg?t=1645164858\", \"https://cdn.akamai.steamstatic.com/steam/apps/1203220/ss_f0fd8000198cef8834d6840bd8112668909b35c8.600x338.jpg?t=1645164858\", \"https://cdn.akamai.steamstatic.com/steam/apps/1203220/ss_3374b36f30c0c767a49680cd69fb555f6e586e07.600x338.jpg?t=1645164858\"], \"main\": \"https://cdn.akamai.steamstatic.com/steam/apps/1203220/header.jpg?t=1645164858\"}','{\"sub\": [\"https://cdn.akamai.steamstatic.com/steam/apps/256864295/movie480_vp9.webm?t=1639310716\", \"https://cdn.akamai.steamstatic.com/steam/apps/256861196/movie480_vp9.webm?t=1637324993\", \"https://cdn.akamai.steamstatic.com/steam/apps/256869804/movie480_vp9.webm?t=1642645711\"], \"main\": \"https://cdn.akamai.steamstatic.com/steam/apps/256864292/movie480_vp9.webm?t=1645164853\"}','\"게임에 대해&#10;&#10;&#10;&#10;&#10;&#10;&#10;&#10;&#10;&#10;&#10;&#10;&#10;&#10;&#10;&#10;&#10;&#10;&#10;&#10;&#10;&#10;&#10;&#10;&#10;&#10;&#10;&#10;&#10;&#10;&#10;&#10;&#10;\"','[KR]','[macOS]',NULL,NULL,NULL,'2022-02-18 08:38:25','2022-02-20 09:56:25',68675),(17,7,4,'데스티니 가디언즈','데스티니 가디언즈는 끝없이 진화하는 하나의 세계에서 플레이하는 액션 MMO입니다. 언제 어디서든 친구들과 함께 무료로 플레이하세요.','{\"KR\": 0}',0,1,0,0,1,0,0,'{\"sub\": [\"https://cdn.akamai.steamstatic.com/steam/apps/1085660/ss_7fcc82f468fcf8278c7ffa95cebf949bfc6845fc.600x338.jpg?t=1644618331\", \"https://cdn.akamai.steamstatic.com/steam/apps/1085660/ss_d923711c0eb833b1df8607fa3df4dcebbe470cf2.600x338.jpg?t=1644618331\", \"https://cdn.akamai.steamstatic.com/steam/apps/1085660/ss_c142f5078ace9f5e2eb2c80aa3bf768e156b4ee9.600x338.jpg?t=1644618331\", \"https://cdn.akamai.steamstatic.com/steam/apps/1085660/ss_a9642404e586be28f856e8f02d038828f691a5ba.600x338.jpg?t=1644618331\", \"https://cdn.akamai.steamstatic.com/steam/apps/1085660/ss_01fdd090ed1dd70112ce2c6d6fc208df0a008ac7.600x338.jpg?t=1644618331\"], \"main\": \"https://cdn.akamai.steamstatic.com/steam/apps/1085660/header_koreana.jpg?t=1644618331\"}','{\"sub\": [\"https://cdn.akamai.steamstatic.com/steam/apps/256826690/movie480_vp9.webm?t=1629824101\"], \"main\": \"https://cdn.akamai.steamstatic.com/steam/apps/256851378/movie480_vp9.webm?t=1631639094\"}','\"게임에 대해&#10;데스티니 가디언즈의 세계로 뛰어들어 수수께끼 같은 태양계를 탐험하고 1인칭 슈팅 전투를 경험하세요. 강력한 원소 능력을 잠금 해제하고, 특별한 장비를 수집하여 수호자의 모습과 플레이 스타일을 완성하세요. 데스티니 가디언즈의 시네마틱 스토리, 협동 임무 도전, 다양한 PvP 모드를 혼자서 또는 친구와 함께 플레이하세요. 오늘 무료로 다운로드하여 별에 여러분의 전설을 새기세요.&#10;몰입감 넘치는 스토리&#10;여러분은 악명 높은 악당들에 의해 포위된 태양계에서 인류 최후의 도시를 지키는 수호자입니다. 별빛을 따라가서 어둠에 맞서세요. 여러분의 전설이 지금 시작됩니다.&#10;수호자 직업&#10;갑옷을 두른 타이탄, 신비로운 워록, 재빠른 헌터 중에서 선택하세요.&#10;&#10;타이탄&#10;강인하게 단련되고 긍지가 강한 타이탄은 거친 공격과 굳건한 방어에 모두 능합니다. 불타오르는 망치를 사용하고 번개로 하늘을 갈라 어떤 상대가 와도 정면으로 맞섭니다. 타이탄 방어막의 힘 뒤에서 여러분의 팀은 당당해 질 것 입니다.&#10;&#10;워록&#10;워록은 우주의 신비를 무기화하여 자신을 치유하고 적을 파괴합니다. 전장을 황폐화하고 눈 깜짝할 사이에 적들을 물리칩니다. 워록과 함께하면 빛의 진정한 힘을 깨닫게 될 것입니다.&#10;&#10;헌터&#10;민첩하고 대담한 헌터는 발놀림이 빠르고 총을 뽑는 속도는 그보다 더 빠릅니다. 황금 총으로 거세게 가격하고 바람처럼 적들 사이를 오가거나 어둠에 숨어 습격하게요. 적을 찾아 조준하여 전투를 시작하기도 전에 끝냅니다.&#10;협동 및 경쟁 멀티플레이어&#10;다양한 PvE 및 PvP 게임 모드에서 친구 및 다른 수호자와 함께, 또는 이들에 맞서 싸우세요.&#10;&#10;협력 멀티플레이어&#10;희귀하고 강력한 보상으로 가득 찬 신나는 협력 모험을 즐기세요. 임무, 퀘스트, 정찰을 통해 이야기 속으로 뛰어드세요. 작은 화력팀을 모아 빠른 공격전에서 상자를 획득하세요. 또는 수많은 시간을 들여야 하는 레이드로 팀의 실력을 평가해보세요. – 화력팀에게 궁극의 도전입니다. 여러분의 전설을 어디서 시작할지 결정하세요.&#10;&#10;경쟁 멀티플레이어&#10;빠르게 진행되는 개별 전투, 팀 전 및 PvE/PvP 하이브리드 경쟁에서 다른 플레이어를 상대하세요. 강철 깃발과 같은 특별한 경기를 달력에 표시하고 경기가 끝나기 전에 제한된 시간 동안 보상을 받으세요.&#10;경이 무기와 방어구&#10;수천 개의 무기와 수백만 개의 선택권이 있습니다. 새로운 장비 조합을 알아내고 여러분만의 스타일을 정의하세요. 완벽한 무기고 사냥이 시작됩니다.\"','[KR]','[Window,macOs]',NULL,NULL,NULL,'2022-02-18 08:40:25','2022-02-20 09:56:25',170660),(18,7,4,'Dead by Daylight','데드 바이 데이라이트는 한 명의 플레이어가 생존자를 고문하고 죽이려는 잔학한 살인마의 역할을 담당하고, 나머지 네 명의 플레이어는 살인마로부터 도망치려는 생존자로 플레이하는 (4vs1) 공포게임 입니다.','{\"KR\": 21000}',0,1,0,0,1,0,0,'{\"sub\": [\"https://cdn.akamai.steamstatic.com/steam/apps/381210/ss_659500624438a4aa77bfdf304cba3ecebcd92ed9.600x338.jpg?t=1644980149\", \"https://cdn.akamai.steamstatic.com/steam/apps/381210/ss_ca6b39f2fcac8feb75d23976b1be31290d58d159.600x338.jpg?t=1644980149\", \"https://cdn.akamai.steamstatic.com/steam/apps/381210/ss_4075aac79adfe1a5b71665d2cc5ff7d52122650b.600x338.jpg?t=1644980149\", \"https://cdn.akamai.steamstatic.com/steam/apps/381210/ss_d3778cc9576bf3457f4ba896a443a114c0455753.600x338.jpg?t=1644980149\", \"https://cdn.akamai.steamstatic.com/steam/apps/381210/ss_b142095e4f9e5d9db978270ea09e8b9149db9f18.600x338.jpg?t=1644980149\"], \"main\": \"https://cdn.akamai.steamstatic.com/steam/apps/381210/header.jpg?t=1644980149\"}','{\"sub\": [], \"main\": \"https://cdn.akamai.steamstatic.com/steam/apps/256855514/movie480_vp9.webm?t=1634257629\"}','\"게임에 대해&#10;&#10;&#10;죽음은 탈출구가 아니다.&#10;&#10;데드 바이 데이라이트는 한 명의 플레이어가 생존자를 고문하고 죽이려는 잔학한 살인마의 역할을 담당하고, 나머지 네 명의 플레이어는 살인마로부터 도망치려는 생존자로 플레이하는 (4vs1) 공포게임 입니다.&#10;&#10;생존자는 3인칭 시야를 가져서 주변의 상황을 파악하는데 유리하고, 살인마는 1인칭 시야를 가지고 그들의 먹잇감만을 쫒습니다.&#10;&#10;매 게임마다 알 수 없게 바뀌는 환경은 탈출을 더욱 어렵게 만들겠지만, 생존자의 가장 중요한 목표는 살인마로부터 도망쳐 도살장에서 벗어나는 것 입니다.&#10;&#10;게임에 대한 더 자세한 정보는 http://www.deadbydaylight.com 에서 얻을 수 있습니다.&#10;핵심 요소&#10;• 함께 살아남거나 버리거나 – 생존자는 다른 생존자들을 도울 수도, 이기적이 될 수도 있습니다. 살아남을 수 있는 확률은 팀으로 움직이는지, 혼자 움직이는지에 따라 늘 달라집니다. 당신은 살인마 보다 한 수 앞선 움직임으로 도살장에서 빠져나갈 수 있습니까?&#10;&#10;• 여긴.. 어디지? – 매 게임마다 모든 요소가 무작위로 생성되어 경험이 늘어가도 위험은 줄어들지 않고, 당신은 절대로 숙련자가 될 수 없습니다.&#10;&#10;• 살인마들의 만찬 – 데드 바이 데이라이트는 공포의 모든 것을 끌어냅니다. 살인마를 플레이 할 때는, 잔학한 살인마부터 공포 그 자체인 어떤 것 까지 무엇이든 될 수 있습니다. 도살장에 익숙해지고, 각 살인마의 독특한 능력을 발휘한다면 당신의 희생자를 만들 수 있습니다.&#10;&#10;&#10;&#10;• 더욱 더 깊숙하게 – 각 살인마와 생존자는 당신의 전략에 맞춰 사용할 수 있도록 차별화된 능력들을 가지고 있습니다. 생존자들을 사냥하거나 살인마로부터 도망칠 수 있도록 경험과 기술, 환경에 대한 이해를 쌓아야 합니다.&#10;&#10;• 진짜 사람과 진짜 공포 – 잘 짜여진 구성과 공포에 대한 인간의 반응이 더해져 게임은 항상 예기치 않은 방향으로 흘러갑니다. 다음 코너에 무엇이 기다리고 있을지는 아무도 모르고, 분위기와 음악, 섬찟한 환경이 섞여 진짜 공포를 체험하게 됩니다. 그리고 충분한 시간을 들인다면.. 당신은 안개 속에 숨어있는 무언가를 발견하게 될 지도 모릅니다.\"','[KR]','[Window,macOs]',NULL,NULL,NULL,'2022-02-18 08:41:00','2022-02-20 09:56:25',73045),(19,8,4,'Vampire Survivors','Mow thousands of night creatures and survive until dawn! Vampire Survivors is a gothic horror casual game with rogue-lite elements, where your choices can allow you to quickly snowball against the hundreds of monsters that get thrown at you.','{\"KR\": 26000}',0,1,0,0,1,0,0,'{\"sub\": [\"https://cdn.akamai.steamstatic.com/steam/apps/1794680/ss_6c55afe36be2a7784bf18cb9b3218321ae2d10e5.600x338.jpg?t=1644440536\"], \"main\": \"https://cdn.akamai.steamstatic.com/steam/apps/1794680/header.jpg?t=1644440536\"}','{\"sub\": [], \"main\": \"https://cdn.akamai.steamstatic.com/steam/apps/256858285/movie480_vp9.webm?t=1638003854\"}','\"게임에 대해&#10;Vampire Survivors is currently a time survival game with minimalistic gameplay and roguelite elements.&#10;There&#39;s no place where to hide, all you can do is try to survive a cursed night and get as much gold as possible for the next survivor, before Death inevitably puts an end to your struggles.&#10;&#10;&#10;&#10;Content in the early access version&#10;11 characters&#10;&#10;27 weapons and 15 power-ups&#10;&#10;11 pickups&#10;&#10;43 achievements&#10;&#10;2 stages + a challenge stage&#10;&#10;Supports mouse, keyboard, controller, and touch screen.&#10;Starting Tips&#10;Take your time to grab gems and items, they won&#39;t disappear.&#10;&#10;Get two or three offensive weapons at first, but focus on leveling them up one at a time.&#10;&#10;Armor and Luck are good starting power-ups to spend money on.&#10;&#10;Refund power-ups often, it&#39;s free, and try new upgrade paths.\"','[KR]','[macOS]',NULL,NULL,NULL,'2022-02-18 08:45:03','2022-02-20 09:56:25',30290),(20,2,4,'The Elder Scrolls® Online','Join over 18 million players in the award-winning online multiplayer RPG and experience limitless adventure in a persistent Elder Scrolls world. Battle, craft, steal, or explore, and combine different types of equipment and abilities to create your own style of play. No game subscription required.','{\"KR\": 22000}',0,1,0,0,1,0,0,'{\"sub\": [\"https://cdn.akamai.steamstatic.com/steam/apps/306130/ss_6ce59dcaa51a89208c643301f6e220d75c001b97.600x338.jpg?t=1644440578\", \"https://cdn.akamai.steamstatic.com/steam/apps/306130/ss_c1cdae9879550709486774eed3a2760d18955349.600x338.jpg?t=1644440578\", \"https://cdn.akamai.steamstatic.com/steam/apps/306130/ss_16688139333e39593af0eccc77342165eacae0d0.600x338.jpg?t=1644440578\", \"https://cdn.akamai.steamstatic.com/steam/apps/306130/ss_da66e194128088e46a5ecad2af455ae2ebe84be0.600x338.jpg?t=1644440578\", \"https://cdn.akamai.steamstatic.com/steam/apps/306130/ss_5e0c14f9b39283bafbcd37fb33a1c79a87757154.600x338.jpg?t=1644440578\"], \"main\": \"https://cdn.akamai.steamstatic.com/steam/apps/306130/header.jpg?t=1644440578\"}','{\"sub\": [\"https://cdn.akamai.steamstatic.com/steam/apps/256848720/movie480_vp9.webm?t=1629982331\", \"https://cdn.akamai.steamstatic.com/steam/apps/256859758/movie480_vp9.webm?t=1636581406\", \"https://cdn.akamai.steamstatic.com/steam/apps/256719936/movie480.webm?t=1529012215\", \"https://cdn.akamai.steamstatic.com/steam/apps/256675687/movie480.webm?t=1480714107\"], \"main\": \"https://cdn.akamai.steamstatic.com/steam/apps/256867710/movie480_vp9.webm?t=1641402419\"}','\"게임에 대해&#10;Experience an ever-expanding story across all of Tamriel in The Elder Scrolls Online, an award-winning online RPG. Explore a rich, living world with friends or embark upon a solo adventure. Enjoy complete control over how your character looks and plays, from the weapons you wield to the skills you learn – the choices you make will shape your destiny. Welcome to a world without limits.&#10;PLAY THE WAY YOU LIKE&#10;Battle, craft, steal, siege, or explore, and combine different types of armor, weapons, and abilities to create your own style of play. The choice is yours to make in a persistent, ever-growing Elder Scrolls world.&#10;TELL YOUR OWN STORY&#10;Discover the secrets of Tamriel as you set off to regain your lost soul and save the world from Oblivion. Experience any story in any part of the world, in whichever order you choose – with others or alone.&#10;A MULTIPLAYER RPG&#10;Complete quests with friends, join fellow adventurers to explore dangerous, monster-filled dungeons, or take part in epic PvP battles with hundreds of other players.\"','[KR]','[macOS]',NULL,NULL,NULL,'2022-02-18 08:46:14','2022-02-20 09:56:25',131238),(21,3,3,'Stardew Valley','You`ve inherited your grandfathers old farm plot in Stardew Valley. Armed with hand-me-down tools and a few coins, you set out to begin your new life. Can you learn to live off the land and turn these overgrown fields into a thriving home?','{\"KR\": 16000}',40,1,0,0,1,0,0,'{\"sub\": [\"https://cdn.akamai.steamstatic.com/steam/apps/413150/ss_b887651a93b0525739049eb4194f633de2df75be.600x338.jpg?t=1608624324\"], \"main\": \"https://cdn.akamai.steamstatic.com/steam/apps/413150/header.jpg?t=1608624324\"}','{\"sub\": [], \"main\": \"https://cdn.akamai.steamstatic.com/steam/apps/256660296/movie480.webm?t=1454099186\"}','\"게임에 대해&#10;Stardew Valley is an open-ended country-life RPG!&#10;&#10;&#10;&#10;You&#39;ve inherited your grandfather&#39;s old farm plot in Stardew Valley. Armed with hand-me-down tools and a few coins, you set out to begin your new life. Can you learn to live off the land and turn these overgrown fields into a thriving home? It won&#39;t be easy. Ever since Joja Corporation came to town, the old ways of life have all but disappeared. The community center, once the town&#39;s most vibrant hub of activity, now lies in shambles. But the valley seems full of opportunity. With a little dedication, you might just be the one to restore Stardew Valley to greatness!&#10;&#10;Features&#10;&#10;Turn your overgrown field into a lively farm! Raise animals, grow crops, start an orchard, craft useful machines, and more! You&#39;ll have plenty of space to create the farm of your dreams.&#10;&#10;&#10;4 Player Farming! Invite 1-3 players to join you in the valley online! Players can work together to build a thriving farm, share resources, and improve the local community. As more hands are better than one, players have the option to scale profit margin on produce sold for a more challenging experience.&#10;&#10;&#10;Improve your skills over time. As you make your way from a struggling greenhorn to a master farmer, you&#39;ll level up in 5 different areas: farming, mining, combat, fishing, and foraging. As you progress, you&#39;ll learn new cooking and crafting recipes, unlock new areas to explore, and customize your skills by choosing from a variety of professions.&#10;&#10;&#10;Become part of the local community. With over 30 unique characters living in Stardew Valley, you won&#39;t have a problem finding new friends! Each person has their own daily schedule, birthday, unique mini-cutscenes, and new things to say throughout the week and year. As you make friends with them, they will open up to you, ask you for help with their personal troubles, or tell you their secrets! Take part in seasonal festivals such as the luau, haunted maze, and feast of the winter star.&#10;&#10;&#10;Explore a vast, mysterious cave. As you travel deeper underground, you&#39;ll encounter new and dangerous monsters, powerful weapons, new environments, valuable gemstones, raw materials for crafting and upgrading tools, and mysteries to be uncovered.&#10;&#10;&#10;Breathe new life into the valley. Since JojaMart opened, the old way of life in Stardew Valley has changed. Much of the town&#39;s infrastructure has fallen into disrepair. Help restore Stardew Valley to it&#39;s former glory by repairing the old community center, or take the alternate route and join forces with Joja Corporation.&#10;&#10;&#10;Court and marry a partner to share your life on the farm with. There are 12 available bachelors and bachelorettes to woo, each with unique character progression cutscenes. Once married, your partner will live on the farm with you. Who knows, maybe you&#39;ll have kids and start a family?&#10;&#10;&#10;Spend a relaxing afternoon at one of the local fishing spots. The waters are teeming with seasonal varieties of delicious fish. Craft bait, bobbers, and crab pots to help you in your journey toward catching every fish and becoming a local legend!&#10;&#10;&#10;Donate artifacts and minerals to the local museum.&#10;&#10;&#10;Cook delicious meals and craft useful items to help you out. With over 100 cooking and crafting recipes, you&#39;ll have a wide variety of items to create. Some dishes you cook will even give you temporary boosts to skills, running speed, or combat prowess. Craft useful objects like scarecrows, oil makers, furnaces, or even the rare and expensive crystalarium.&#10;&#10;&#10;Customize the appearance of your character and house. With hundreds of decorative items to choose from, you&#39;ll have no trouble creating the home of your dreams!&#10;&#10;&#10;Xbox controller support (with rumble)! (Keyboard still required for text input)&#10;&#10;&#10;Over two hours of original music.\"','[KR]','[Window,macOs]',NULL,NULL,NULL,'2022-02-18 08:50:51','2022-02-20 09:56:25',107226),(22,8,1,'God of War','올림푸스 신들을 향한 복수심을 뒤로하고 크레토스는 이제 북유럽 신과 괴물의 땅에 살고 있습니다. 항상 생존을 위해 싸워야 하는 이 혹독하고 가차 없는 세상에서, 그는 생존을 위해 싸우고… 아들에게도 그 방식을 가르쳐야 합니다.','{\"KR\": 45800}',0,1,0,0,1,0,0,'{\"sub\": [\"https://cdn.akamai.steamstatic.com/steam/apps/1593500/ss_6eccc970b5de2943546d93d319be1b5c0618f21b.600x338.jpg?t=1642526157\", \"https://cdn.akamai.steamstatic.com/steam/apps/1593500/ss_f1bff24d3967a21d303d95e11ed892e3d9113057.600x338.jpg?t=1642526157\", \"https://cdn.akamai.steamstatic.com/steam/apps/1593500/ss_3670ba72c7e3e9c3c3225547ef2c1053504e62b8.600x338.jpg?t=1642526157\", \"https://cdn.akamai.steamstatic.com/steam/apps/1593500/ss_93a3ca63aa2cd8c675bbb6430324ee3f2d44b845.600x338.jpg?t=1642526157\", \"https://cdn.akamai.steamstatic.com/steam/apps/1593500/ss_1bd99270dcbd4ff9fe9c94b0d9c8ffc50ebb42c7.600x338.jpg?t=1642526157\"], \"main\": \"https://cdn.akamai.steamstatic.com/steam/apps/1593500/header.jpg?t=1642526157\"}','{\"sub\": [\"https://cdn.akamai.steamstatic.com/steam/apps/256854965/movie480_vp9.webm?t=1634741997\"], \"main\": \"https://cdn.akamai.steamstatic.com/steam/apps/256864004/movie480_vp9.webm?t=1639001817\"}','\"게임에 대해&#10;북유럽의 영역에 입장하세요&#10;올림푸스 신들을 향한 복수심을 뒤로하고 크레토스는 이제 북유럽 신과 괴물의 땅에 살고 있습니다. 항상 생존을 위해 싸워야 하는 이 혹독하고 가차 없는 세상에서, 그는 생존을 위해 싸우고… 아들에게도 그 방식을 가르쳐야 합니다.&#10;&#10;두 번째 기회를 잡으세요&#10;크레토스는 다시 아버지가 되었습니다. 아트레우스는 아버지에게 인정받기를 원하며, 그의 스승이자 보호자인 크레토스는 아들과 함께 위험한 세계를 탐험하는 동안 오랜 기간 자신의 존재를 정의한 분노를 통제하고 제어해야 합니다.&#10;&#10;공포스러운 생명체들이 존재하는 어둡고 자연적인 세계로 여정을 떠나세요&#10;대리석 기둥으로 장식된 올림푸스에서 바이킹 이전의 북유럽 전설에 나오는 숲, 산, 동굴은 다양한 생명체와 괴물, 그리고 신들이 거주하는 독특하고 새로운 지역입니다.&#10;&#10;잔혹한 물리 전투를 즐기세요&#10;플레이어에게 이전보다 더 가까이서 액션을 즐기게 해주는 어깨너머 자유로운 카메라 시점은 God of War에서 크레토스가 상대할 북유럽의 생명체와의 격렬한 싸움을 비춰줍니다. 새로운 주 무기와 새 능력은 장르에 새로운 영역을 구축한 폭력의 충돌을 보여주면서도, God of War를 정의하는 주요 요소를 유지합니다.&#10;PC 특징&#10;고화질 그래픽&#10;PC에서 향상된 놀라운 비주얼을 만나세요. 해당 기능을 지원하는 장치에서 진정한 4K 화질과 [MU1] 프레임레이트 제한이 없는 최고의 성능을 즐기세요. 다양한 그래픽 프리셋과 고화질 그림자 효과, 향상된 화면 공간 반사 효과, GTAO와 SSDO 추가 등의 설정을 선택하세요.&#10;&#10;NVIDIA® DLSS 및 Reflex 지원&#10;품질과 성능이 만났습니다. NVIDIA Deep Learning Super Sampling (DLSS)의 강력한 AI를 활용해 프레임레이트를 향상시키고, 특정 Nvidia GPU로 아름답고 깨끗한 이미지를 생성하세요. NVIDIA Reflex low latency 기술을 적용하고, 모두가 GeForce GPU에 기대하는 신속한 플레이로 더 빨리 반응하고 더 강하게 공격하세요.&#10;&#10;&#10;컨트롤 커스터마이즈&#10;원하는 방식으로 플레이하세요. DUALSHOCK®4 무선 컨트롤러와 DualSense™ 무선 컨트롤러는 물론, 다양한 게임패드와 완벽하게 커스터마이즈 가능한 키보드와 마우스 바인딩으로 모든 동작을 정밀하게 나만의 플레이스타일에 맞출 수 있습니다.&#10;&#10;울트라 와이드 지원&#10;이전에 느끼지 못한 몰입감을 경험하세요. 북유럽의 영역을 여행하며 숨막히는 풍경을 와이드 스크린의 파노라마로 만끽하세요. 21:9 울트라 와이드 스크린을 지원하는 God of War™는 기존의 자연스러운 영상미를 더욱 향상시키는 시네마급 품질 경험을 선사합니다.\"','[KR]','[Window,macOs]',NULL,NULL,NULL,'2022-02-18 08:52:16','2022-02-20 09:56:25',171756),(24,9,1,'Skul: The Hero Slayer','Skul: The Hero Slayer는 2D 로그라이트 액션 플랫포머 게임입니다. 마왕성 경비를 맡고있는 꼬마 스켈레톤 &#39;스컬&#39;은 인간들에게 붙잡혀간 마왕을 구하기 위해 용사와 모험가 그리고 제국군에 홀로 맞서 싸우기 시작합니다.','{\"KR\": 26000}',0,1,0,0,1,0,0,'{\"sub\": [\"https://cdn.cloudflare.steamstatic.com/steam/apps/1147560/ss_b5ed9f9f5c95df4e168107d024cd4107bc2223e3.600x338.jpg?t=1643357155\", \"https://cdn.cloudflare.steamstatic.com/steam/apps/1147560/ss_4d085911571f127e48dc392c0db50d97e810fb39.600x338.jpg?t=1643357155\", \"https://cdn.cloudflare.steamstatic.com/steam/apps/1147560/ss_119845ea870bb04a8c75abbef135f6a21cc0687c.600x338.jpg?t=1643357155\", \"https://cdn.cloudflare.steamstatic.com/steam/apps/1147560/ss_44eae43480fa6d9c350bf6d1100e6d8dc911d8ee.600x338.jpg?t=1643357155\", \"https://cdn.cloudflare.steamstatic.com/steam/apps/1147560/ss_c29cf7bfb3dfc5dd7ca0428f92c12a68c8c632cb.600x338.jpg?t=1643357155\"], \"main\": \"https://cdn.cloudflare.steamstatic.com/steam/apps/1147560/header.jpg?t=1643357155\"}','{\"sub\": [], \"main\": \"https://cdn.cloudflare.steamstatic.com/steam/apps/256818846/movie480_vp9.webm?t=1611132068\"}','\"게임에 대해&#10;&#10;&#10;&#10;배경&#10;언제나 그래왔듯이 이번에도 인간들은 마왕성을 습격하였습니다.평소와 다른게 있다면 모험가들 뿐 아니라 초대용사와 제국군까지 합류하여 총공격으로 마왕성을 초토화시키는데 성공했다는 점이죠.&#10;마왕을 비롯한 마왕성의 모든 마족들은 인간들에게 붙잡혀 갔으며 왕좌 앞에는 작은 스켈레톤의 뼈만이 남아있었습니다.&#10;&#10;&#10;&#10;횡스크롤 플랫포머 액션&#10;Skul: The Hero Slayer은 플랫포머 액션 게임으로 매번 게임의 구성요소가 바뀌는 로그라이크 특징을 가집니다.&#10;&#10;&#10;&#10;다양한 스컬을 통한 캐릭터 교체&#10;스컬은 조금 특별한 스켈레톤입니다. 그는 다른 스컬(Skull)을 착용함으로써 새로운 힘을 얻을 수 있습니다.스컬마다 고유한 콤보와 스킬을 가지며 그 특성이 모두 다르기 때문에 당신의 스타일에 딱 맞는 스컬을 착용하여 자신만의 액션을 즐겨보세요.&#10;&#10;&#10;&#10;모험가&#10;모험가 파티와 만나게 된다면 조심하세요. 그들은 마족인 당신을 사냥하여 명성을 쌓고자 하는 야심찬 청년들입니다.차라리 파티가입을 권유해주었으면 좋았을텐데요… 누가 사냥당할지는 두고 볼 일입니다.&#10; &#10;&#10;&#10;검은마석에 침식된 강력한 보스들&#10;각 챕터의 마지막에는 검은마석에 침식된 강력한 적을 만날 수 있습니다. 검은마석은 생명의 고통과 증오에서 추출할 수 있는 불길한 돌로, 강한 마력을 지니고 있지만 이 돌을 능숙하게 다를 수 있는 이는 거의 없습니다.\"','[KR]','[Window,macOs]',NULL,NULL,NULL,'2022-02-18 12:00:55','2022-02-20 09:56:25',84613),(25,9,1,'Risk of Rain 2','기괴한 괴물들과 싸우며 혼돈스러운 외계 행성을 탈출하세요. 친구들과 함께 해도 되고, 혼자 해도 좋습니다. 전리품들을 놀라운 방식으로 조합하고 각 캐릭터를 마스터하여 처음 불시착할 때 공포스러워했던 바로 그 존재가 되세요.','{\"KR\": 64900}',39,1,0,0,1,1,0,'{\"sub\": [\"https://cdn.cloudflare.steamstatic.com/steam/apps/632360/ss_2bb49071317f7b241a527cf6e7aabd2cb6af055b.600x338.jpg?t=1644947978\", \"https://cdn.cloudflare.steamstatic.com/steam/apps/632360/ss_a3f57f281813cb51cb5d919701470acb962ff297.600x338.jpg?t=1644947978\", \"https://cdn.cloudflare.steamstatic.com/steam/apps/632360/ss_328d6fcb223f848c2a1047bb86702c4175d92317.600x338.jpg?t=1644947978\", \"https://cdn.cloudflare.steamstatic.com/steam/apps/632360/ss_dc777b5c583794c99440b196cd1d26884fb1720b.600x338.jpg?t=1644947978\", \"https://cdn.cloudflare.steamstatic.com/steam/apps/632360/ss_0377ff24b4d60db6a38ddc0824b7f308890b9231.600x338.jpg?t=1644947978\"], \"main\": \"https://cdn.cloudflare.steamstatic.com/steam/apps/632360/header.jpg?t=1644947978\"}','{\"sub\": [\"https://cdn.cloudflare.steamstatic.com/steam/apps/256795993/movie480_vp9.webm?t=1597157826\", \"https://cdn.cloudflare.steamstatic.com/steam/apps/256795991/movie480_vp9.webm?t=1597157834\"], \"main\": \"https://cdn.cloudflare.steamstatic.com/steam/apps/256827307/movie480_vp9.webm?t=1616688273\"}','\"게임에 대해&#10;&#10;외계 행성에서 살아남기&#10;10가지가 넘는 수제작된 배경이 기다리고 있습니다, 각각 공략이 어려운 몬스터들이 가득하고 거대한 보스들이 여러분의 생존을 방해합니다. 최종 보스를 향해 싸우며 전진하고 탈출하거나, 남아서 계속 싸우며 얼마나 오래 생존할 수 있는지 확인하세요. 고유한 스케일링 시스템으로 여러분과 적들이 게임을 진행하는 동안 무제한으로 계속 강해집니다.&#10;&#10;&#10;&#10;강력한 새로운 아이템 발견&#10;110가지 이상의 아이템들이 매번 다른 경험과 새로운 도전을 보장합니다. 아이템을 많이 수집할수록, 효과들을 섞어 사용할수록, 더욱 놀라운 복합 효과가 일어날 수 있습니다. 아이템을 많이 확인할수록, 더 많은 구전 설화(및 전략)을 기록을 통해 알아낼 수 있습니다.&#10;&#10;&#10;&#10;새로운 플레이 방법을 잠금 해제&#10;11명의 플레이어블 생존자들을 잠금 해제하십시오. 각각 고유한 전투 스타일과 다양한 스킬을 마스터할 수 있습니다. 유물의 비밀을 알아내어 아군 공격, 무작위 생존자 생성, 아이템 선택 등등의 게임플레이 변조기를 켜고 끌 수 있습니다. 스테이지, 적, 아이템이 무작위로 생성되므로 플레이할 때마다 다른 경험을 할 수 있습니다.&#10;&#10;&#10;&#10;혼자 또는 협동으로 플레이&#10;혼자 플레이하거나, 또는 온라인 협동으로 최대 세 명의 친구들과 플레이하거나, 다면적 도전의 순환식 도전에서 경쟁하세요. 캡틴 및 MUL-T 같은 새로운 생존자가 엔지니어, 헌트리스, 그리고 코만도 같은 클래식 생존자들과 함께합니다.\"','[KR]','[Window,macOs]',NULL,NULL,NULL,'2022-02-18 12:02:35','2022-02-20 03:37:13',73575),(26,9,2,'Last Epoch','Last Epoch combines time travel, exciting dungeon crawling, engrossing character customization and endless replayability to create an Action RPG for veterans and newcomers alike.','{\"KR\": 26000}',2,1,0,0,1,0,0,'{\"sub\": [\"https://cdn.cloudflare.steamstatic.com/steam/apps/899770/ss_cf68bc7aaf060bc8f209240a4262f5ca1083fe00.600x338.jpg?t=1641260843\", \"https://cdn.cloudflare.steamstatic.com/steam/apps/899770/ss_51b2dadd71a06439fbeaf28ede96e0bbd15eb367.600x338.jpg?t=1641260843\", \"https://cdn.cloudflare.steamstatic.com/steam/apps/899770/ss_f9d12a880c8504591561d3fc0e5cdc5339d267fc.600x338.jpg?t=1641260843\", \"https://cdn.cloudflare.steamstatic.com/steam/apps/899770/ss_c03f5aa4470b0af7068ec2865b57799022397af5.600x338.jpg?t=1641260843\", \"https://cdn.cloudflare.steamstatic.com/steam/apps/899770/ss_674de9293146abec6cd8c3a3ea7af105f03dd8d9.600x338.jpg?t=1641260843\"], \"main\": \"https://cdn.cloudflare.steamstatic.com/steam/apps/899770/header.jpg?t=1641260843\"}','{\"sub\": [\"https://cdn.cloudflare.steamstatic.com/steam/apps/256810409/movie480_vp9.webm?t=1605906492\"], \"main\": \"https://cdn.cloudflare.steamstatic.com/steam/apps/256812374/movie480_vp9.webm?t=1607106352\"}','\"게임에 대해&#10;Last Epoch combines time travel, exciting dungeon crawling, engrossing character customization and endless replayability to create an Action RPG for veterans and newcomers alike. Travel through the world of Eterra’s past and face dark empires, wrathful gods and untouched wilds – to find a way to save time itself from The Void.&#10;&#10;&#10;&#10;Key Features&#10;15 Mastery Classes&#10;Begin your adventure as a base class which can then specialize into one of three Mastery Classes. When specializing into a certain Mastery you will be able to access new skills and specialize your playstyle!&#10;&#10;100+ Skill Trees&#10;Every active skill has its own augment tree that can completely change how the skill functions. Transform your skeletons into archers, your lightning blast into chain lightning, or make your serpent strike summon snakes to fight alongside you!&#10;&#10;&#10;Hunt Rare & Powerful Loot&#10;Fill your arsenal with magic items you craft to perfection, change the rules of your build with powerful unique and set items, and always have that next upgrade just on the horizon with Last Epoch&#39;s randomized loot system.&#10;&#10;Time Travel&#10;The world of Eterra is home to many factions and secrets. Travel to different points in time to change the world&#39;s fate, and fight to set it onto a new path.&#10;&#10;Endless replayability&#10;With a wealth of classes and skills to customize, deep game systems, randomized loot, and continuing development, Last Epoch is a game that will keep you coming back.&#10;&#10;Easy to Learn, Hard to Master&#10;We&#39;re committed to making our gameplay approachable through breaking up the required learning and being transparent. At the same time, overcoming some of the most challenging content will require deep knowledge and pushing your build to its limits.\"','[KR]','[Window,macOs]',NULL,NULL,NULL,'2022-02-18 12:08:06','2022-02-20 09:56:25',89198),(27,4,2,'Dragons Dogma: Dark Arisen','상상하던 모험이 소생한다. 가슴뛰는 대모험이 기다리는, 판타지의 세계로… 「드래곤즈 도그마 : 다크 어리즌」이 고해상도화를 실현하고 유료DLC도 수록하여 등장！','{\"KR\": 29000}',40,1,0,0,1,0,0,'{\"sub\": [], \"main\": \"https://cdn.cloudflare.steamstatic.com/steam/apps/367500/header.jpg?t=1644282366\"}','{\"sub\": [], \"main\": \"https://cdn.cloudflare.steamstatic.com/steam/apps/256659790/movie480.webm?t=1452876592\"}','\"게임에 대해&#10;상상하던 모험이 소생한다.&#10;&#10;가슴뛰는 대모험이 기다리는 판타지의 세계 「드래곤즈 도그마 : 다크 어리즌」이 고해상도화를 실현하여 등장!&#10;심장을 앗아간 드래곤을 쓰러트릴 운명을 받은자, &#39;각자&#39;의 장대한 모험. 광대한 오픈월드 &quot;그란시스 지방&quot;과 대규모 콘텐츠 &quot;흑주도&quot; 등, 치밀한 하이환타지 세계가 고해상도로 돌아왔다. 또한 DDDA의 유료 DLC도 수록한 결정판!&#10;다양한 몬스터를 상대하고, 자유롭고 리얼한 전투. 또한 동료 폰과 협력 파티 액션, 상상하던 액션이 실현될 때의 놀라움과 흥분을 다시 맛보자.\"','[KR]','[Window,macOs]',NULL,NULL,NULL,'2022-02-18 12:10:56','2022-02-20 09:56:25',73720),(28,9,4,'Total War: WARHAMMER III','Total War: WARHAMMER 3부작의 격렬한 결말이 다가옵니다. 병력을 결집하여 혼돈의 영역에 발들이십시오. 정신을 농락하는 이 공포의 공간에서 세상의 운명이 결정될 것입니다. 자신의 악마를 정복하시겠습니까… 아니면 뜻대로 부리시겠습니까?','{\"KR\": 60000}',7,1,0,0,1,0,0,'{\"sub\": [\"https://cdn.cloudflare.steamstatic.com/steam/apps/1142710/ss_6149b0570c42cda0e40b4de71e6f48bbe5c4c577.600x338.jpg?t=1645115825\", \"https://cdn.cloudflare.steamstatic.com/steam/apps/1142710/ss_320f5373c16e33f50c0ee2ccc822344c0e0d5f8d.600x338.jpg?t=1645115825\", \"https://cdn.cloudflare.steamstatic.com/steam/apps/1142710/ss_4afac709f1bfe992122e315852cf6ea2f58b28ba.600x338.jpg?t=1645115825\", \"https://cdn.cloudflare.steamstatic.com/steam/apps/1142710/ss_086d9d777d14d64c9e8bc1713b088381033dfeeb.600x338.jpg?t=1645115825\", \"https://cdn.cloudflare.steamstatic.com/steam/apps/1142710/ss_7c75e458f64a5d1c6d7360fd1e30c73c4f655f0b.600x338.jpg?t=1645115825\"], \"main\": \"https://cdn.cloudflare.steamstatic.com/steam/apps/1142710/header.jpg?t=1645115825\"}','{\"sub\": [], \"main\": \"https://cdn.cloudflare.steamstatic.com/steam/apps/256874322/movie480_vp9.webm?t=1645093986\"}','\"게임에 대해&#10;지금 구매하고 Ogre Kingdoms DLC를 무료 획득하세요! 전설적인 군주 2명, 신규 군주 및 영웅, 그리고 20개가 넘는 병종을 즐겨 보세요!&#10;&#10;&#10;&#10;죽어 가는 신의 단말마가 세상의 경계선을 찢어 발기면서 카오스의 영역으로 통하는 차원문을 열어 젖힙니다. 파멸의 권능 넷, 즉 코른, 너글, 젠취와 슬라네쉬는 이 소용돌이로부터 암흑과 절망을 퍼뜨립니다.&#10;&#10;키슬레프의 강인한 전사들과 광대한 제국 케세이는 벼랑 끝까지 몰려 있으며, 이제는 복수심에 불타는 악마 대공까지 나타나 자신을 타락시킨 자들을 모조리 멸망시키겠다 맹세합니다. 앞으로 찾아 올 전쟁은 모두를 집어삼킬 것입니다. 자신의 악마를 정복하시겠습니까? 아니면 뜻대로 부리시겠습니까?&#10;&#10;여러분이 직접 지휘할 수 있는 일곱 가지 개성적인 종족과 수백 가지의 부대로 자신만의 군단을 꾸려, 신화적인 실시간 전투를 펼치고 숨 막힐 듯 장대한 이 세상을 정복하십시오.&#10;&#10;&#10;시리즈 사상 가장 어마어마하고 웅장한 Total War 신작에서, 여러분은 매력적인 스토리텔링을 따라 카오스의 영역 안팎을 넘나들게 될 것입니다. 똑같은 플레이는 절대 반복되지 않는 샌드박스형 전략 시뮬레이션을 통해 자신만의 제국을 건설하십시오.&#10;&#10;&#10;10가지 전설적인 군주로 플레이를 해 보십시오! 카오스 신들의 편에 서서 그 중 하나의 악마적 대행자로 거듭나거나, 인간으로 탈바꿈한 케세이의 고대 용이 되거나, 얼음 여왕이 되어 얼어붙은 키슬레프를 수호하거나, 악마 대공이 되어 궁극의 악으로 승천해 보십시오.&#10;&#10;&#10;다양한 신체 부위와 능력을 통해 자신만의 개성적인 악마 대공을 만들어 보십시오. 플레이 스타일에 맞춰 수십억 가지의 조합이 가능합니다.&#10;&#10;&#10;역사상 가장 웅장한 멀티 플레이가 제공됩니다. 8인의 플레이어가 동시에 진행하는 카오스의 영역 멀티 플레이 캠페인, 손에 땀을 쥐는 1대1 지배 모드, 키슬레프와 케세이 중심의 스토리를 기반으로 진행되는 멀티 플레이 캠페인과 등급전 및 사용자 정의 전투 등, 친구들과 불화를 일으키는 방법이 무궁무진하게 준비되어 있습니다.&#10;\"','[KR]','[Window]',NULL,NULL,NULL,'2022-02-18 12:11:43','2022-02-20 09:56:25',125566),(30,2,2,'Yu-Gi-Oh! Master Duel','사상 최고봉의 디지털 카드 게임으로!','{\"KR\": 13500}',3,1,0,0,1,0,0,'{\"sub\": [\"https://cdn.cloudflare.steamstatic.com/steam/apps/1449850/ss_f4e2257edc1cb8093f1f0b40d7daf96211405f90.600x338.jpg?t=1642554034\", \"https://cdn.cloudflare.steamstatic.com/steam/apps/1449850/ss_6501d1b0e2dc14a5e1031d5e02456d9b72912a0b.600x338.jpg?t=1642554034\", \"https://cdn.cloudflare.steamstatic.com/steam/apps/1449850/ss_e568cc7bd1896039e2383f48488a262d873fbf20.600x338.jpg?t=1642554034\", \"https://cdn.cloudflare.steamstatic.com/steam/apps/1449850/ss_7de501a6f2c485aef22eed9c3b79e761c26c4d1a.600x338.jpg?t=1642554034\", \"https://cdn.cloudflare.steamstatic.com/steam/apps/1449850/ss_4974fad247b8d5e1b3fa2320ccd8c04cdd7fcacc.600x338.jpg?t=1642554034\"], \"main\": \"https://cdn.cloudflare.steamstatic.com/steam/apps/1449850/header.jpg?t=1642554034\"}','{\"sub\": [], \"main\": \"\"}','\"게임에 대해&#10;「유희왕」을 본격 디지털 카드 게임으로!&#10;20년 이상의 시간에 걸쳐 지금도 진화하고 있는 전략성 카드 게임의 결정판!&#10;사상 최고봉의 듀얼이 당신을 기다린다!&#10;이 결투에 당신은 따라올 수 있을까?!&#10;&#10;ーーーーーーーーーーーーーーーーーーーーーーーーーーーーーーーーーーーーー&#10;【「Yu-Gi-Oh! Master Duel」이란】&#10;대 인기 카드 게임 「유희왕OCG」를 온라인으로 즐길 수 있는 디지털 카드 게임&#10;호화로운 그래픽, 매력적인 사운드, 경쾌한 템포로 듀얼이 펼쳐진다!&#10;전 세계의 듀얼리스트들과 「유희왕」을 본격적으로 플레이 해 보자!&#10;&#10;◇일단 듀얼로 실전이다!&#10;처음 받는 덱으로 일단 듀얼을 시작해보자!&#10;물론, 오랜만에 플레이 하는 사람이나 처음 시작하는 사람도 안심하고 플레이 할 수 있게 충실한 튜토리얼 요소도 준비되어 있다.&#10;게임을 진행하여 다양한 카드를 모아보자!&#10;&#10;◇다양한 규칙의 이벤트와 대회 실시!&#10;듀얼리스트 라이프를 풍족하게! 누구든 즐길 수 있는 다양한 이벤트와 대회를 준비!&#10;10,000종류가 넘게 수록된 카드로, 다양한 덱과 다양한 듀얼을 즐겨보자!&#10;당신이 자신 있는 규칙의 대회에서 최고를 노려보자!&#10;&#10;◇카드 일러스트에 담겨있는 이야기!&#10;혼자서도 느긋하게 꼼꼼한 플레이가 가능한 솔로 모드 탑재!&#10;카드에 얽힌 다양한 이야기와 세계를 따라가며 게임을 클리어 하면, 듀얼 실력도 착실하게 스텝 업!&#10;유희왕의 세계를 보다 깊이 알고 싶은 사람은 물론, 처음 플레이 하는 사람이나 오랜만에 플레이 하는 사람에게도 추천!&#10;&#10;◇다양한 기능으로 듀얼을 서포트!&#10;모바일 앱 「Yu-Gi-Oh! Neuron」과도 연동!&#10;전 세계 듀얼리스트들의 수많은 덱을 참조하여 오리지널 덱을 만들자!&#10;시험 드로우 기능을 사용하여 듀얼 시작 시의 패를 확인하는 것도 가능! 덱의 정확도를 높이자!&#10;&#10;[유희왕에 대하여]&#10;「유희왕」은 1996년도부터 주식회사 슈에이샤의 「주간 소년 점프」에 연재된 타카하시 카즈키 선생 원작의 인기 만화이며, 코나미 디지털 엔터테인먼트에서는 원작 만화를 영상화 한 애니메이션 「유희왕」시리즈를 소재로 한 트레이딩 카드 게임(TCG)과 가정용 게임을 전 세계의 고객 여러분께 제공하고 있습니다.&#10;&#10;【이런 분들에게 추천!】&#10;「Yu-Gi-Oh! OCG」를 즐기시는 분&#10;「Yu-Gi-Oh! Duel Links」를 즐기시는 분&#10;온라인에서도 오프라인에서도 플레이 가능한 카드 게임을 찾으시는 분&#10;인기 대전 게임을 즐기시고 싶은 분&#10;ーーーーーーーーーーーーーーーーーーーーーーーーーーーーーーーーーーーーー&#10;&#10;본 게임은 랜덤 배출되는 게임 내 아이템을 획득하기 위해 사용되는 가상화폐를 게임 내에서 구입할 수 있는 기능을 포함합니다.\"','[KR]','[Window]',NULL,NULL,NULL,'2022-02-18 12:19:19','2022-02-20 09:56:25',49935),(31,1,1,'Dead Survival','Dead Survival is a tactical survival FPS, in a post-apocalyptic world!','{\"KR\": 31000}',33,1,0,0,1,0,0,'{\"sub\": [\"https://cdn.akamai.steamstatic.com/steam/apps/1665490/ss_b9d47d7cb6ac3e45e4fe21e41da2f29da42a8169.600x338.jpg?t=1645314511\", \"https://cdn.akamai.steamstatic.com/steam/apps/1665490/ss_c043fbe6243f35f9c9b0d1e01b484c1a0e5e206f.600x338.jpg?t=1645314511\", \"https://cdn.akamai.steamstatic.com/steam/apps/1665490/ss_5df1a0ee0ee49a82499ed692a6f11246281c608a.600x338.jpg?t=1645314511\", \"https://cdn.akamai.steamstatic.com/steam/apps/1665490/ss_38194280097167e4b1ed1f903ad42819a75f11e4.600x338.jpg?t=1645314511\", \"https://cdn.akamai.steamstatic.com/steam/apps/1665490/ss_9683ac1d21bed5b9a778019fa12d361187d12936.600x338.jpg?t=1645314511\"], \"main\": \"https://cdn.akamai.steamstatic.com/steam/apps/1665490/header.jpg?t=1645314511\"}','{\"sub\": [], \"main\": \"https://cdn.akamai.steamstatic.com/steam/apps/256839619/movie480_vp9.webm?t=1624034473\"}','\"게임에 대해&#10;Dead Survival is a tactical survival FPS in a post-apocalyptic universe !&#10;In an Open World overrun by Zombies, Militias, you and over 300 online players will have to survive.&#10;&#10;Gameplay of Dead Survival&#10;&#10;The hostile territories of Dead Survival await you. You will have to cross chaotic areas infested with Zombies, an extremely aggressive militia, but also other players who will want to survive, find weapons, food, allies, what to trade. Help different characters in the &quot;safes zones&quot; by carrying out missions for them, like building your own camp, base, houses etc. Dead Survivor cleverly combines realism, survival, suspense, strategy and fate.&#10;&#10;Each of your decisions will be the key to your survival. An ecosystem is set up for all players to manage the world&#39;s economy, the appearance of zombies etc...\"','[KR]','[Window,macOs]',NULL,NULL,NULL,'2022-02-20 05:06:49','2022-02-20 05:06:49',118909),(32,1,3,'Nobody Saves the World','이렇다 할 특징 없는 아무개가 달팽이, 유령, 용으로 변신하는 액션 RPG! Guacamelee 제작사가 새롭게 선보입니다! 15가지 이상의 독특한 형태를 발견하고, 능력을 조합하고, 진화하는 던전을 클리어하고... 내친 김에 세계까지 구해볼까요!?','{\"KR\": 38500}',0,1,0,0,1,0,0,'{\"sub\": [\"https://cdn.akamai.steamstatic.com/steam/apps/1432050/ss_c102795bd96a046e9592c226a64395f536accf06.600x338.jpg?t=1645114415\", \"https://cdn.akamai.steamstatic.com/steam/apps/1432050/ss_8d29da188ac9c70cdc28cfb13eb8380c77f6b96b.600x338.jpg?t=1645114415\", \"https://cdn.akamai.steamstatic.com/steam/apps/1432050/ss_7b08dee57dfcf4507bb86823d813154fde26b17c.600x338.jpg?t=1645114415\", \"https://cdn.akamai.steamstatic.com/steam/apps/1432050/ss_93ec13fa80d1daa5c6ee266b1e6fa821848f97e6.600x338.jpg?t=1645114415\", \"https://cdn.akamai.steamstatic.com/steam/apps/1432050/ss_d3a50810e033f0b675aa256f3bfb41552e507e60.600x338.jpg?t=1645114415\"], \"main\": \"https://cdn.akamai.steamstatic.com/steam/apps/1432050/header.jpg?t=1645114415\"}','{\"sub\": [], \"main\": \"https://cdn.akamai.steamstatic.com/steam/apps/256869661/movie480_vp9.webm?t=1642515548\"}','\"게임에 대해&#10;이렇다 할 특징 없는 아무개가 달팽이, 유령, 용으로 변신하는 액션 RPG! Guacamelee 제작사가 새롭게 선보입니다!&#10;&#10;퀘스트를 완료하여 15가지 이상의 다양하고 독특한 형태를 발견하고 모습을 바꾸어 보세요. 능력을 기발하게 조합하여 도전적인 퀘스트를 더 많이 해제하고 완료하세요. 광대한 영계를 혼자 또는 온라인 친구와 함께 탐험하며 모양을 바꾸는 던전을 클리어하고, 대재앙을 막아내고 세계까지 구해내세요!&#10;&#10;&#10;특징&#10;다양한 형태로 변신: 쥐, 도적, 로봇에 이르기까지 독특한 형태 15가지 이상을 해제하면 각각 독특한 게임플레이 방법을 즐길 수 있습니다.&#10;&#10;능력 조합: 80가지가 넘는 능력을 조합하여 강력한 커스텀을 생성하세요. 알이 되어 끄물끄물한 액체를 남기고 파이어볼을 쏘아 보세요!!! 우리는 여러분을 막을 수 없답니다!&#10;&#10;독특한 퀘스트: 이 세계의 괴상한 주민을 도와 문제를 해결해 주세요. 각 형태별로 퀘스트 종류가 달라 창의력을 발휘해 완료할 수 있습니다.&#10;&#10;진화를 거듭하는 던전: 플레이어가 강해질수록 점진적으로 생성되는 던전은 난이도와 복잡성을 더해가며 발을 묶어둡니다.&#10;&#10;온라인 코옵: 친구를 초대하여 모험 모두 또는 일부를 함께하세요!&#10;&#10;새로운 게임 추가: 개선된 난이도 모디파이어로 레벨업한 적과 던전을 상대로 형태와 능력을 시험해 보세요.&#10;&#10;놀라운 사운드트랙: Jim Guthrie 유명 작곡가의 새 오리지널 음악을 만나보세요.&#10;&#10;더 많은 소식이 기다립니다! 놓치지 마세요...&#10;&#10;\"','[KR]','[macOS]',NULL,NULL,NULL,'2022-02-20 05:07:49','2022-02-20 05:07:49',136052),(33,7,4,'미스테리 오브 포춘2 리파인','자신만의 부대를 이끌고 던전을 탐험하며 가장 효율적인 전투 부대를 만들어 보세요.','{\"KR\": 6500}',17,1,0,0,1,0,0,'{\"sub\": [\"https://cdn.akamai.steamstatic.com/steam/apps/1778960/ss_ac254afc7ca1f5ba774c9d55725f820e44cc3a28.600x338.jpg?t=1643076364\", \"https://cdn.akamai.steamstatic.com/steam/apps/1778960/ss_d519b5ab2de4b100caf02ad25b2db38dbdeb730b.600x338.jpg?t=1643076364\", \"https://cdn.akamai.steamstatic.com/steam/apps/1778960/ss_edf8207eefa14b1c3c72b1c11ea3da25312b8dd2.600x338.jpg?t=1643076364\", \"https://cdn.akamai.steamstatic.com/steam/apps/1778960/ss_9ac5786ac39489c1a3a4329eee044a29e709b25c.600x338.jpg?t=1643076364\", \"https://cdn.akamai.steamstatic.com/steam/apps/1778960/ss_446658c277e551e5cfc34db11c2795d713ef8c40.600x338.jpg?t=1643076364\"], \"main\": \"https://cdn.akamai.steamstatic.com/steam/apps/1778960/header.jpg?t=1643076364\"}','{\"sub\": [], \"main\": \"https://cdn.akamai.steamstatic.com/steam/apps/256869895/movie480_vp9.webm?t=1642808883\"}','\"게임에 대해&#10;미스테리 오브 포춘2 리파인은 2016년에 출시한 모바일 버전을 지금 시대에 맞게 새롭게 개발된 버전입니다.&#10;&#10;자신만의 부대를 이끌고 던전을 탐험하며 가장 효율적인 전투 부대를 만들어 보세요.&#10;&#10;&#10;&#10;&#10;게임의 기능 Features&#10;&#10;1. 25종의 편성 가능한 전투 유닛과 35종이 넘는 다양한 적 몬스터.&#10;2. 자신만의 전투 스타일을 지정할 수 있는 배틀매크로 시스템.&#10;3. 클래스 변경으로 80종에 달하는 다양한 스킬을 습득하고 조합하여 나만의 전투 전략을 수립.&#10;4. 더욱 더 다양해진 장비 아이템의 장착과 수집의 재미.&#10;5. 14개 주 총 85개의 던전 구성으로 더욱 몰입감 있고 깊이 있는 던전 공략.&#10;&#10;&#10;&#10;&#10;게임의 룰 Rules&#10;&#10;1. 모든 전투는 자동으로 이루어 집니다. 플레이어는 전투에 돌입하기 전에 전투에 참여할 유닛을 성장시키고 아이템을 장착하거나 전략을 수립할 수 있습니다.&#10;&#10;2. 전투에 돌입하기전 유닛들에게 배틀매크로라는 전투AI를 지정해야 합니다. 이를테면 &quot;가까운 적을 만나면 1번 스킬을 써라&quot;, &quot;체력이 50%이하로 떨어지면 회복을 해라&quot;와 같은 조건과 실행문을 조합해서 전투에 최적화된 전략을 수립해야 합니다.&#10;&#10;3. 던전 입장전에 들리는 주점에서는 소문을 듣고 전략의 힌트를 얻거나, 새로운 유닛의 고용, 아이템 구입, 배틀매크로 구입등을 이용하며 다음 전투를 준비합니다.&#10;&#10;4. 전투에 돌입하고 나면 플레이어는 전투를 관전합니다. 필요에 따라 소모아이템을 사용해서 아군 유닛의 체력을 회복하거나 에테르를 회복시킬 수 있습니다.&#10;&#10;5. 현재 wave에 존재하는 모든 적을 물리치면 던전의 다음 wave로 이동합니다. 만약 전투중에 모든 유닛이 전멸한다면 던전 탐험은 종료됩니다.&#10;&#10;6. 던전 탐험이 끝나면 결과의 보상으로 금전과 아이템을 받을 수 있으며 이것으로 유닛 부대를 업그레이드 할 수 있습니다.&#10;&#10;\"','[KR]','[Window,macOs]',NULL,NULL,NULL,'2022-02-20 05:09:04','2022-02-20 05:09:04',116488),(34,3,4,'Divinity: Original Sin 2 - Definitive Edition','The critically acclaimed RPG that raised the bar, from the creators of Baldur&#39;s Gate 3. Gather your party. Master deep, tactical combat. Venture as a party of up to four - but know that only one of you will have the chance to become a God.','{\"KR\": 54000}',17,1,0,0,1,0,0,'{\"sub\": [\"https://cdn.akamai.steamstatic.com/steam/apps/435150/ss_b59e5889726cab2cf01a93d0c0d192d25928952a.600x338.jpg?t=1631177562\", \"https://cdn.akamai.steamstatic.com/steam/apps/435150/ss_34a428cdd26113e8645b77331d9fc82fcc50a4a2.600x338.jpg?t=1631177562\", \"https://cdn.akamai.steamstatic.com/steam/apps/435150/ss_66d58326ebea7154d7f3d89e02f13913452caef7.600x338.jpg?t=1631177562\", \"https://cdn.akamai.steamstatic.com/steam/apps/435150/ss_d3badb07717f13ef3316928c513f8c4c7f7b50b1.600x338.jpg?t=1631177562\", \"https://cdn.akamai.steamstatic.com/steam/apps/435150/ss_d51d3ccb39019124c45bf851bbe6a76e2461fab3.600x338.jpg?t=1631177562\"], \"main\": \"https://cdn.akamai.steamstatic.com/steam/apps/435150/header.jpg?t=1631177562\"}','{\"sub\": [], \"main\": \"https://cdn.akamai.steamstatic.com/steam/apps/256789813/movie480_vp9.webm?t=1592914188\"}','\"게임에 대해&#10;&#10;&#10;The Divine is dead. The Void approaches. And the powers lying dormant within you are soon to awaken. The battle for Divinity has begun. Choose wisely and trust sparingly; darkness lurks within every heart.&#10;&#10;&#10;Who will you be?&#10;A flesh-eating Elf, an Imperial Lizard or an Undead, risen from the grave? Discover how the world reacts differently to who - or what - you are.&#10;It’s time for a new Divinity!&#10;Gather your party and develop relationships with your companions. Blast your opponents in deep, tactical, turn-based combat. Use the environment as a weapon, use height to your advantage, and manipulate the elements themselves to seal your victory.&#10;Ascend as the god that Rivellon so desperately needs.&#10;Explore the vast and layered world of Rivellon alone or in a party of up to 4 players in drop-in/drop-out cooperative play. Go anywhere, unleash your imagination, and explore endless ways to interact with the world. Beyond Rivellon, there’s more to explore in the brand-new PvP and Game Master modes.&#10;&#10;&#10;&#10;&#10;Choose your race and origin. Choose from 6 unique origin characters with their own backgrounds and quests, or create your own as a Human, Lizard, Elf, Dwarf, or Undead. All choices have consequences.&#10;&#10;&#10;Unlimited freedom to explore and experiment. Go anywhere, talk to anyone, and interact with everything! Kill any NPC without sacrificing your progress, and speak to every animal. Even ghosts might be hiding a secret or two…&#10;&#10;&#10;The next generation of turn-based combat. Blast your opponents with elemental combinations. Use height to your advantage. Master over 200 skills in 12 skill schools. But beware - the game’s AI 2.0 is our most devious invention to date.&#10;&#10;&#10;Up to 4 player online and split-screen multiplayer. Play with your friends online or in local split-screen with full controller support.&#10;&#10;&#10;Game Master Mode: Take your adventures to the next level and craft your own stories with the Game Master Mode. Download fan-made campaigns and mods from Steam Workshop.&#10;&#10;&#10;4K Support: an Ultimate 4K experience pushing RPGs into a new era!&#10;&#10;\"','[KR]','[Window,macOs]',NULL,NULL,NULL,'2022-02-20 05:09:31','2022-02-20 05:09:31',56650),(35,4,1,'보더랜드 3','무진장 많은 총기와 정신없는 새로운 모험으로 가득한 오리지널 슈팅 파밍 게임이 돌아왔습니다! 특색 있는 스킬 트리, 능력, 커스터마이징을 즐길 수 있는 4인의 신규 볼트 헌터 중 하나가 되어 새로운 지역을 탐험하며 적을 쓰러뜨려 보세요. 혼자서 또는 친구와 함께 미쳐 날뛰는 적들을 상대하며 아이템을 파밍하고 전 우주에서 자비심 없기로 둘째가라면 서러운 사이비 교주로부터 고향을 지켜야 합니다.','{\"KR\": 64900}',0,1,0,0,1,0,0,'{\"sub\": [\"https://cdn.akamai.steamstatic.com/steam/apps/397540/ss_9868ee40f39749a4c8222502cf86525ee32c1bef.600x338.jpg?t=1643331512\", \"https://cdn.akamai.steamstatic.com/steam/apps/397540/ss_f2053d688ec55f2269c47b24313539938bef9064.600x338.jpg?t=1643331512\", \"https://cdn.akamai.steamstatic.com/steam/apps/397540/ss_624638e46ed590d4bb1835558a5ab0981f7baadd.600x338.jpg?t=1643331512\", \"https://cdn.akamai.steamstatic.com/steam/apps/397540/ss_3531d9f91265d94fc06f6587eba1ca49f2c423d1.600x338.jpg?t=1643331512\", \"https://cdn.akamai.steamstatic.com/steam/apps/397540/ss_6f1836277ffe8733503a9446d51b8c7eb3d20d5f.600x338.jpg?t=1643331512\"], \"main\": \"https://cdn.akamai.steamstatic.com/steam/apps/397540/header.jpg?t=1643331512\"}','{\"sub\": [], \"main\": \"\"}','\"게임에 대해&#10;&#10;무진장 많은 총기와 정신없는 모험으로 가득한 오리지널 슈팅 파밍 게임이 돌아왔습니다! 4인의 신규 볼트 헌터 중 하나가 되어 새로운 지역을 탐험하며 적을 쓰러뜨려 보세요. 혼자서 또는 친구와 함께 미쳐 날뛰는 적들을 상대하며 아이템을 파밍하고 전 우주에서 자비심 없기로 둘째가라면 서러운 사이비 교주로부터 고향을 지켜야 합니다.&#10;아수라장 스릴 만점&#10;광신도 같은 Calypso Twins가 악당 무리를 결집시켜 은하계의 초우주적 에너지를 싹쓸이하려는 시도를 막으세요.&#10;당신의 VAULT HUNTER, 당신의 플레이 스타일&#10;스킬, 능력과 커스터마이징 실력을 갖춘 네 명의 Vault Hunters의 일원이 되세요.&#10;잠그고, 장전하고, 약탈하세요.&#10;엄청난 총과 기기가 있으면 모든 전투는 신규 장비 획득 찬스가 됩니다.&#10;새로운 BORDERLANDS&#10;Pandora 너머 독특한 환경과 적들이 있는 신세계를 발견하세요.&#10;빠르고 매끄러운 협동 액션&#10;레벨이나 미션 진행도에 구애받지 않고 온라인의 아무 플레이어와 자유롭게 협동 작전을 펼칠 수 있습니다.\"','[KR]','[Window]',NULL,NULL,NULL,'2022-02-20 05:09:49','2022-02-20 06:54:45',178273),(36,8,4,'Cyberpunk 2077','사이버펑크 2077은 권력과 돈, 끝없는 신체 개조에 집착하는 어두운 미래의 위험천만한 메갈로폴리스, &#39;나이트 시티&#39;를 배경으로 한 오픈 월드 액션 어드벤처 RPG입니다.','{\"KR\": 66000}',59,1,0,0,1,0,0,'{\"sub\": [\"https://cdn.akamai.steamstatic.com/steam/apps/1091500/ss_b529b0abc43f55fc23fe8058eddb6e37c9629a6a.600x338.jpg?t=1645002899\", \"https://cdn.akamai.steamstatic.com/steam/apps/1091500/ss_50efe471e6061bfc9fb701f871b761440c9c904c.600x338.jpg?t=1645002899\", \"https://cdn.akamai.steamstatic.com/steam/apps/1091500/ss_6163c898e487703a2489da4dcbffa93a4492762b.600x338.jpg?t=1645002899\", \"https://cdn.akamai.steamstatic.com/steam/apps/1091500/ss_aea9b127e38cc0661c3e1b62ad2b0736eae0e583.600x338.jpg?t=1645002899\", \"https://cdn.akamai.steamstatic.com/steam/apps/1091500/ss_42338f4fb8983321fefebf14677af08d16b39bca.600x338.jpg?t=1645002899\"], \"main\": \"https://cdn.akamai.steamstatic.com/steam/apps/1091500/header_koreana.jpg?t=1645002899\"}','{\"sub\": [], \"main\": \"https://cdn.akamai.steamstatic.com/steam/apps/256810269/movie480_vp9.webm?t=1611327286\"}','\"게임에 대해&#10;&#10;&#10;사이버펑크 2077은 나이트 시티의 메갈로폴리스에서 펼쳐지는 오픈월드 액션 어드벤처 RPG입니다. 여러분은 사이버펑크 용병이 되어 생존을 위해 목숨을 걸고 싸워야 합니다. 개선 사항이 적용되고 새로운 무료 콘텐츠가 추가된 어두운 미래에서, 임무를 완수하여 평판을 쌓고 업그레이드를 잠금 해제하여 나만의 캐릭터와 플레이 스타일을 만들어 보세요. 여러분이 만들어나가는 관계와 선택에 따라, 여러분을 둘러싼 세계가 변화할 것입니다. 나이트 시티는 전설이 태어나는 곳입니다. 여러분은 어떤 전설을 써 내려가시겠습니까?&#10;&#10;&#10;&#10;나만의 사이버펑크를 찾아서&#10;사이버네틱 개조로 무장한 도시의 무법자가 되어 나이트 시티의 새로운 전설을 써 보세요.&#10;&#10;&#10;&#10;미래의 도시를 누비기&#10;나이트 시티엔 해야 할 일, 봐야 할 곳, 만나야 할 사람이 가득합니다. 언제, 어디를, 어떻게 갈지는 여러분에게 달려 있죠.&#10;&#10;&#10;&#10;전설이 되어라&#10;위험천만한 모험 속에서 여러분의 선택에 따라 운명이 결정되는 매력적인 캐릭터들을 만나 보세요.&#10;&#10;&#10;개선 사항으로 무장&#10;게임플레이와 경제, 도시, 지도 등 다양한 변경 사항과 개선 사항이 적용된 사이버펑크 2077을 경험해 보세요.&#10;&#10;&#10;&#10;&#10;무료 추가 콘텐츠 포함&#10;새로운 총기와 근접 무기, 추가 커스터마이즈 옵션 등 다양한 무료 아이템을 손에 넣으세요.&#10;&#10;GO TO CYBERPUNK.NET&#10;&#10;\"','[KR]','[Window,macOs]',NULL,NULL,NULL,'2022-02-20 05:15:51','2022-02-20 05:15:51',108243),(37,9,1,'Fallout 4','Bethesda Game Studios, the award-winning creators of Fallout 3 and The Elder Scrolls V: Skyrim, welcome you to the world of Fallout 4 – their most ambitious game ever, and the next generation of open-world gaming.','{\"KR\": 66000}',0,1,0,0,1,0,0,'{\"sub\": [\"https://cdn.akamai.steamstatic.com/steam/apps/377160/ss_f7861bd71e6c0c218d8ff69fb1c626aec0d187cf.600x338.jpg?t=1635279860\", \"https://cdn.akamai.steamstatic.com/steam/apps/377160/ss_910437ac708aed7c028f6e43a6224c633d086b0a.600x338.jpg?t=1635279860\", \"https://cdn.akamai.steamstatic.com/steam/apps/377160/ss_f649b8e57749f380cca225db5074edbb1e06d7f5.600x338.jpg?t=1635279860\", \"https://cdn.akamai.steamstatic.com/steam/apps/377160/ss_c310f858e6a7b02ffa21db984afb0dd1b24c1423.600x338.jpg?t=1635279860\", \"https://cdn.akamai.steamstatic.com/steam/apps/377160/ss_5e2d136759e0ff4e0d74940fffc9c64e8cdcd833.600x338.jpg?t=1635279860\"], \"main\": \"https://cdn.akamai.steamstatic.com/steam/apps/377160/header.jpg?t=1635279860\"}','{\"sub\": [], \"main\": \"https://cdn.akamai.steamstatic.com/steam/apps/256658080/movie480.webm?t=1447378809\"}','\"게임에 대해&#10;Bethesda Game Studios, the award-winning creators of Fallout 3 and The Elder Scrolls V: Skyrim, welcome you to the world of Fallout 4 – their most ambitious game ever, and the next generation of open-world gaming.&#10;&#10;As the sole survivor of Vault 111, you enter a world destroyed by nuclear war. Every second is a fight for survival, and every choice is yours. Only you can rebuild and determine the fate of the Wasteland. Welcome home.&#10;Key Features:&#10;Freedom and Liberty!&#10;Do whatever you want in a massive open world with hundreds of locations, characters, and quests. Join multiple factions vying for power or go it alone, the choices are all yours.&#10;&#10;&#10;You’re S.P.E.C.I.A.L!&#10;Be whoever you want with the S.P.E.C.I.A.L. character system. From a Power Armored soldier to the charismatic smooth talker, you can choose from hundreds of Perks and develop your own playstyle.&#10;&#10;&#10;Super Deluxe Pixels!&#10;An all-new next generation graphics and lighting engine brings to life the world of Fallout like never before. From the blasted forests of the Commonwealth to the ruins of Boston, every location is packed with dynamic detail.&#10;&#10;&#10;Violence and V.A.T.S.!&#10;Intense first or third person combat can also be slowed down with the new dynamic Vault-Tec Assisted Targeting System (V.A.T.S) that lets you choose your attacks and enjoy cinematic carnage.&#10;&#10;&#10;Collect and Build!&#10;Collect, upgrade, and build thousands of items in the most advanced crafting system ever. Weapons, armor, chemicals, and food are just the beginning - you can even build and manage entire settlements.\"','[KR]','[Window,macOs]',NULL,NULL,NULL,'2022-02-20 05:16:34','2022-02-20 06:54:44',24088),(38,1,1,'Minecraft Dungeons','Minecraft 세계관에 고전 던전 크롤러 스타일로 구현한 흥미진진한 액션 어드벤처를 즐겨보세요!','{\"KR\": 24900}',10,1,0,0,1,0,0,'{\"sub\": [\"https://cdn.akamai.steamstatic.com/steam/apps/1672970/ss_46ee31494b5d144d5ef6670cb5a1564abbc26fab.600x338.jpg?t=1632517447\", \"https://cdn.akamai.steamstatic.com/steam/apps/1672970/ss_73b488e696e3ae45f5d0a5750de524c231dab8a2.600x338.jpg?t=1632517447\", \"https://cdn.akamai.steamstatic.com/steam/apps/1672970/ss_9cb3efba6636610ec78eddd550147ed5ee7be3a0.600x338.jpg?t=1632517447\", \"https://cdn.akamai.steamstatic.com/steam/apps/1672970/ss_52883e4263c8f8bca14236118ab62c0f70f2c8d0.600x338.jpg?t=1632517447\", \"https://cdn.akamai.steamstatic.com/steam/apps/1672970/ss_65f1edd2c869ba7bb98da64f263ec1a8b591d645.600x338.jpg?t=1632517447\"], \"main\": \"https://cdn.akamai.steamstatic.com/steam/apps/1672970/header.jpg?t=1632517447\"}','{\"sub\": [], \"main\": \"https://cdn.akamai.steamstatic.com/steam/apps/256845674/movie480_vp9.webm?t=1629987221\"}','\"게임에 대해&#10;Minecraft 세계관에 고전 던전 크롤러 스타일로 구현한 흥미진진한 액션 어드벤처를 즐겨보세요! 던전을 혼자서 용감하게 탐험하거나 친구들과 함께 공략하세요! 최대 4명의 플레이어들이 액션과 보물, 그리고 정말 엄청난 숫자의 레벨로 꽉꽉 채워진 모든 장대한 퀘스트를 통해 전투를 벌이며 주민들을 구하고 사악한 우민왕을 무찌를 수 있습니다!&#10;파워 업!&#10;250개 이상의 고유한 유물과, 장비, 효과부여를 잠금 해제하고 강력한 특수 공격에서 살아남으세요.&#10;멀티 플레이!&#10;최대 4명의 플레이어들이 협동 모드를 통해 하나의 팀으로 힘을 합칠 수 있습니다.&#10;옵션!&#10;여러분의 취향에 맞는 캐릭터를 만드세요. 바짝 붙어서 근접 공격으로 전투를 하거나, 거리를 두고 원거리 공격을 하거나, 아니면 방어구를 두르고 수많은 몹들의 앞에서 버텨 보세요!&#10;장대한 스토리!&#10;보물로 가득한 레벨을 탐험하며 사악한 우민왕을 물리칠 여정을 떠나 보세요!\"','[KR]','[Window,macOs]',NULL,NULL,NULL,'2022-02-20 05:17:24','2022-02-20 05:17:24',188532),(39,3,1,'Feign','Feign is a role-playing game with maximum 12 players that takes place in a small town where innocents, imposters and neutrals together. You use your role at night to win and send a person from the village in the morning.','{\"KR\": 31000}',60,1,0,0,1,2,1,'{\"sub\": [\"https://cdn.akamai.steamstatic.com/steam/apps/1436990/ss_0216e484fb41969e55f1ae66fdf459277a32254f.600x338.jpg?t=1642773639\", \"https://cdn.akamai.steamstatic.com/steam/apps/1436990/ss_71be00d115b640059d6ba83477793c5a632697af.600x338.jpg?t=1642773639\", \"https://cdn.akamai.steamstatic.com/steam/apps/1436990/ss_c091ea35114ce51101c39fd3e1c8f1f9e1cde6e8.600x338.jpg?t=1642773639\", \"https://cdn.akamai.steamstatic.com/steam/apps/1436990/ss_135bf8493fb3321150d9f76e2baeb78b665f0e15.600x338.jpg?t=1642773639\", \"https://cdn.akamai.steamstatic.com/steam/apps/1436990/ss_704d0132475df82a3b30ced8205ed33b38eec3db.600x338.jpg?t=1642773639\"], \"main\": \"https://cdn.akamai.steamstatic.com/steam/apps/1436990/header.jpg?t=1642773639\"}','{\"sub\": [], \"main\": \"https://cdn.akamai.steamstatic.com/steam/apps/256851078/movie480_vp9.webm?t=1636959913\"}','\"게임에 대해&#10;Feign is a role-playing game with maximum 12 players that takes place in a small town where innocents, imposters and neutrals together. You use your role at night to win and send a person from the village in the morning.&#10;&#10;&#10;Insane is a unique role of Feign&#10;&#10;Insane is an innocent role however it is dangerous for the innocents.&#10;&#10;If you have the Insane(innocent) role you don&#39;t see that. You think and see that you are some other innocent role.&#10;&#10;If you are Insane(insane), you can think you are an investigator and give wrong information during the whole game.&#10;&#10;Maybe all the innocents are killed because of you. Can you be... insane?&#10;&#10;&#10;Collect information at night using your role and try not to die.&#10;Find out who is the imposter in the morning.&#10;Send people you think are imposter from the village by voting&#10;&#10;&#10;Kill innocents using your role at night or gather information to avoid attracting attention.&#10;Try not to be caught by innocents in the morning.&#10;&#10;&#10;Fulfill your own role without getting involved with Innocents or Imposters.\"','[KR]','[macOS]',NULL,NULL,NULL,'2022-02-20 05:17:47','2022-02-20 12:05:43',28627),(40,6,3,'DARK SOULS™ III','장르를 새로 개척했다는 평가를 들으며 많은 좋은 평가들을 얻고 있는 다크 소울 시리즈는 계속해서 한계를 넘어서, 더욱 야심찬 단계에 도전하고자 하고 있습니다. 준비를 하고 어둠을 밝히십시오!','{\"KR\": 49800}',10,1,0,0,1,0,0,'{\"sub\": [\"https://cdn.akamai.steamstatic.com/steam/apps/374320/ss_5efd318b85a3917d1c6e717f4cb813b47547cd6f.600x338.jpg?t=1644436409\", \"https://cdn.akamai.steamstatic.com/steam/apps/374320/ss_1c0fa39091901496d77cf4cecfea4ffb056d6452.600x338.jpg?t=1644436409\", \"https://cdn.akamai.steamstatic.com/steam/apps/374320/ss_1318a04ef11d87f38aebe6d47a96124f8f888ca8.600x338.jpg?t=1644436409\", \"https://cdn.akamai.steamstatic.com/steam/apps/374320/ss_61524dee9ebf72d462638f21adbbbea4c93d791d.600x338.jpg?t=1644436409\", \"https://cdn.akamai.steamstatic.com/steam/apps/374320/ss_fe1dc6761a9004aa39c2e6e62181593b7263edf9.600x338.jpg?t=1644436409\"], \"main\": \"https://cdn.akamai.steamstatic.com/steam/apps/374320/header.jpg?t=1644436409\"}','{\"sub\": [], \"main\": \"https://cdn.akamai.steamstatic.com/steam/apps/256663134/movie480.webm?t=1511366737\"}','\"게임에 대해&#10;&#10;-2015년 게임즈컴 &quot;&quot;최고의 RPG&quot;&quot; 상 수상과 35개가 넘는 상을 E3 2015에서 수상-&#10;&#10;DARK SOULS™ III에서, 장르를 새로 개척했다는 평가를 들으며 많은 좋은 평가들을 얻고 있는 다크 소울 시리즈가 계속해서 한계를 넘어서, 더욱 야심찬 단계에 도전하고자 하고 있습니다.&#10;&#10;불꽃이 사라지고 세계가 폐허로 변하여, 더욱 악랄하고 위험해진 적들과 환경 속으로 여행을 떠나십시오. 플레이어들은 장대한 세계관, 더욱 빨라진 게임 플레이와 잘 짜여진 전투 시스템에 빠져들게 될 것입니다. 시리즈의 전통적인 팬과 새로 시리즈에 입문하시는 분들 모두 더욱 발전된 게임 플레이와 놀라운 그래픽을 경험하실 수 있습니다.&#10;이제 그저 잔불만이 남아있을 뿐... 한 번 더 준비를 하고 어둠을 밝히십시오!&#10;\"','[KR]','[Window]',NULL,NULL,NULL,'2022-02-20 05:18:10','2022-02-20 05:18:10',96570),(41,5,3,'Football Manager 2022','실제 감독처럼 클럽을 관리할 수 있는 특별한 경험. FM22가 승리의 열쇠를 찾아내고, 축구 철학을 팀에 심어주고, 그라운드 위에서 기쁨을 안겨줄 새롭고 과감한 방법들을 소개합니다.','{\"KR\": 66000}',30,1,0,0,1,0,0,'{\"sub\": [\"https://cdn.akamai.steamstatic.com/steam/apps/1569040/ss_45fe44094933c54cd9d97af7887b059b54b37cd4.600x338.jpg?t=1638787050\", \"https://cdn.akamai.steamstatic.com/steam/apps/1569040/ss_7107b4c2c9ae111c4b84f727991b8bb460e1c830.600x338.jpg?t=1638787050\", \"https://cdn.akamai.steamstatic.com/steam/apps/1569040/ss_201e7fc3cd7375582cf4085de50c0990ee1d1cc5.600x338.jpg?t=1638787050\", \"https://cdn.akamai.steamstatic.com/steam/apps/1569040/ss_0c5ead7a0a111fb88d2ad9b6f5242518ba5669a4.600x338.jpg?t=1638787050\", \"https://cdn.akamai.steamstatic.com/steam/apps/1569040/ss_27f0acbe4548954ad58471ce52087ffefe1d90ad.600x338.jpg?t=1638787050\"], \"main\": \"https://cdn.akamai.steamstatic.com/steam/apps/1569040/header.jpg?t=1638787050\"}','{\"sub\": [], \"main\": \"https://cdn.akamai.steamstatic.com/steam/apps/256862105/movie480_vp9.webm?t=1637856927\"}','\"게임에 대해&#10;축구는 최고가 되고 승리하는 것만 중요한 스포츠가 아닙니다. 어려움을 극복하고, 꿈을 실현하고, 성공을 쟁취하는 데 의미가 있죠. 그래서 치열한 싸움 끝에 정상에 올라 세상을 놀라게 하거나 벼랑 끝 위기를 헤쳐나오는 그런 순간들이 가장 달콤한 겁니다.&#10;게임 설명&#10;세계 최고의 123개 축구 리그를 선택할 수 있습니다. 규모와 상관없이 현명한 예산 운용으로 클럽을 최정상의 자리까지 끌어올릴 준비가 되셨나요?&#10;&#10;영입부터 선수 육성까지 모든 걸 도와줄 월드 클래스 백룸 팀을 구성하세요. 전문성이 뛰어난 백룸 팀과 함께라면 축구 감독으로서 일상적으로 마주할 될 크고 작은 위기를 헤쳐나갈 수 있습니다.&#10;&#10;500,000명 이상의 실제 선수에 대한 방대한 정보를 보유한 Football Manager의 데이터베이스에서 새로운 재능을 발굴해내거나 눈을 내부로 돌려 유망주들이 잠재력을 모두 폭발시킬 수 있도록 훈련시켜 훌륭한 팀을 구축하세요.&#10;&#10;전술판에서 선수들이 받아들일 수 있는 전술 아이덴티티를 만들어 나만의 방식으로 이 근사한 게임에서 아름다운 플레이를 연출해보세요. 꾸준히 팀에 성공을 안겨줄 체계를 구축하는 것이 관건입니다.&#10;&#10;역대 최고 비주얼을 자랑하고 몰입감 넘치는 매치데이 경험을 통해 그라운드 위에서 자신의 비전이 실현되는 순간을 만끽할 수 있습니다. 중요한 순간마다 올바른 결정을 내려 팀을 영광으로 이끌어보세요.&#10;이번 시즌에 추가된 요소&#10;승리의 열쇠 찾기&#10;완전히 새로워진 데이터 허브에서 강력한 통계로 무장한 나만의 맞춤형 대시보드를 만들어 보세요. 실제 클럽이 사용하는 통계와 보고 방식을 사용해 클럽을 성공 가도로 이끌어줄 전술과 선수 개발 전략을 구상하게 됩니다.&#10;&#10;&#10;&#10;실제와 같은 그라운드 위의 경험&#10;애니메이션 엔진이 향상되어 스타 선수들의 화려한 개인기와 기술을 한층 더 생생하게 즐길 수 있습니다. 압박 시스템이 개선되고 선수 경기력이 조정되어 현실감이 더해진 게임 흐름을 즐기면서도 경기 초반부터 상대를 제압하고 수 있습니다.&#10;수비를 공격으로 전환&#10;새로운 와이드 센터백 역할과 함께 지난 몇 시즌에서 트렌드가 된 최고의 전술을 구현하세요. 스리백 전술을 애용하는 플레이어든 자연스럽게 혁신을 추구하는 플레이어든 더 많은 도구를 사용해 상대를 압도하고 소중한 승리를 거머쥘 수 있습니다.&#10;&#10;&#10;&#10;마감일의 드라마&#10;축구계에서 가장 극적인 기간의 환호와 탄식을 경험해 보세요. 이적 시장이 최고조에 달했을 때의 예측 불가능성을 재현하도록 게임을 새롭게 설계하여 라이벌 클럽보다 한발 먼저 이적 시장 막바지에 계약을 성사시키고 에이전트와 더 긴밀하게 협력할 수 있습니다.&#10;&#10;&#10;&#10;챔피언의 협업&#10;새롭고 사실적인 스태프 미팅을 통해 백룸 스태프와 함께 기름칠한 듯 부드럽게 움직이는 클럽을 만드세요. 코칭, 영입, 선수 개발, 스태프에 관한 정보를 종합한 주간 리포트는 선수들을 새로운 단계로 끌어올리는 데 한층 더 큰 도움이 되어줄 겁니다.&#10;&#10;&#10;&#10;추가 요소&#10;새롭게 디자인된 감독 생성기를 사용해 이상적인 감독의 모습을 구성하고, 새롭게 개선된 스카우팅 기능을 통해 이적 시장에서의 성과를 올리고, 개선된 판타지 드래프트 모드에서 친구들에게 한 방 먹일 자랑거리를 만드세요.\"','[KR]','[macOS]',NULL,NULL,NULL,'2022-02-20 05:20:26','2022-02-20 05:20:26',156819),(42,7,3,'Forza Horizon 5','여러분을 위한 환상의 Horizon 모험이 기다리고 있습니다! 강력하면서도 끊임없이 진화하는 멕시코 오픈 월드를 즐거운 드라이빙과 전 세계에서 내로라하는 수백 대의 차량으로 탐험해보세요. 지금 위시리스트에 추가하고 Horizon 모험을 시작하세요!','{\"KR\": 49800}',50,1,0,0,1,0,0,'{\"sub\": [\"https://cdn.akamai.steamstatic.com/steam/apps/1551360/ss_00f0090174380eeaf8753bd3d1028b6772c3aebf.600x338.jpg?t=1645110065\", \"https://cdn.akamai.steamstatic.com/steam/apps/1551360/ss_b65236b365315ebb6da6114ce42cd74b59cab3c8.600x338.jpg?t=1645110065\", \"https://cdn.akamai.steamstatic.com/steam/apps/1551360/ss_0a13a7ccd38e7c3e6a5f1720050732833b53b6a8.600x338.jpg?t=1645110065\", \"https://cdn.akamai.steamstatic.com/steam/apps/1551360/ss_3654a5988db68f9b47740f9f6a9299682c365599.600x338.jpg?t=1645110065\", \"https://cdn.akamai.steamstatic.com/steam/apps/1551360/ss_0bc32360d32b21abdf889422385cd753862dd73e.600x338.jpg?t=1645110065\"], \"main\": \"https://cdn.akamai.steamstatic.com/steam/apps/1551360/header.jpg?t=1645110065\"}','{\"sub\": [], \"main\": \"https://cdn.akamai.steamstatic.com/steam/apps/256859757/movie480_vp9.webm?t=1636489104\"}','\"게임에 대해&#10;여러분을 위한 환상의 Horizon 모험이 기다리고 있습니다. 강력하면서도 끊임없이 진화하는 멕시코 오픈 월드를 즐거운 드라이빙과 전 세계에서 내로라하는 수백 대의 차량으로 탐험해보세요.&#10;&#10;나만의 Horizon 어드벤처&#10;세계에서 내로라하는 수백 대의 차에 타고 끝없이 즐거운 드라이빙 액션을 즐겨보세요! 강렬하면서도 끊임없이 진화하는 멕시코 오픈 월드를 누비며 숨 막히는 원정을 이끌어야 합니다. 디럭스 에디션에는 정식 버전 게임과 자동차 패스가 포함되어 있습니다.&#10;&#10;다양한 오픈 월드&#10;화려하고 매혹적인 대비를 선사하는 아름다운 세계를 탐험해 보세요. 살아있는 사막, 무성한 밀림, 역사적인 도시, 숨겨진 유적, 정갈한 해변, 광대한 협곡, 그리고 눈 덮인 채 우뚝 솟은 화산 등이 여러분을 기다리고 있습니다.&#10;&#10;모험으로 가득 찬 오픈 월드&#10;심도 있는 캠페인에 마음껏 몰입해 보세요. 좋아하는 활동에 참여하며 보상을 받을 수 있는 수백 가지의 챌린지가 준비되어 있습니다. 새로운 캐릭터를 만나고, 또 그에 따른 Horizon 스토리 미션의 결과를 확인하세요.&#10;&#10;진화하는 오픈 월드&#10;멕시코 특유의 역동적인 계절 변화로 인해 세계는 매주 달라지는 모습을 보입니다. 높이 치솟은 먼지 폭풍, 강렬한 열대 폭풍우 등 장엄한 날씨 이벤트를 만나보세요. 꾸준히 접속하여 새로운 이벤트, 챌린지, 수집품, 보상, 새로운 탐험 지역도 놓치지 마세요. 계절이 달라짐에 따라 많은 것들이 달라지니까요.&#10;&#10;소셜 오픈 월드&#10;다른 플레이어와 팀을 이루고 Horizon 아케이드에 입장하세요. 메뉴도, 불러오는 화면도, 로비도 없는 곳에서 친구들과 함께 끝없는 재미의 연속과 환상적인 난이도의 챌린지를 즐길 수 있습니다. Horizon 오픈 및 투어에서 새로운 친구를 사귀고 새로운 커뮤니티 선물 공유로 창작물을 공유해보세요.&#10;&#10;나만의 오픈 월드&#10;사용자 지정 레이스, 챌린지, 스턴트, 새로운 게임 모드 등 강력하고 새로운 이벤트랩 게임 플레이 툴셋으로 각기 다른 즐거움을 표현해 보세요. 컨버터블 지붕을 열고 닫을 수 있는 기능은 물론, 브레이크 캘리퍼 도색 등 새로운 옵션을 통해 차를 훨씬 다양하게 꾸미는 것도 가능합니다. 새로운 선물 드롭 기능으로 창작물을 커뮤니티에 공유할 수 있습니다.&#10;&#10;바로 지금, Horizon 어드벤처를 시작하세요!\"','[KR]','[Window]',NULL,NULL,NULL,'2022-02-20 05:20:47','2022-02-20 06:53:51',173088),(43,1,2,'Valheim','북구 신화와 바이킹 문화에 기반한 판타지 세계를 배경으로 펼쳐지는 생존 및 탐험 게임.','{\"KR\": 20500}',10,1,0,0,1,0,0,'{\"sub\": [\"https://cdn.akamai.steamstatic.com/steam/apps/892970/ss_e96ae32f23d64130001fdc43929e5ec453b38c97.600x338.jpg?t=1643901934\", \"https://cdn.akamai.steamstatic.com/steam/apps/892970/ss_c7a64d2ccab776311c85f6e9650d3ca27d614650.600x338.jpg?t=1643901934\", \"https://cdn.akamai.steamstatic.com/steam/apps/892970/ss_142cb9ca512900c6ce7871b239ad5b1fa1e7eaee.600x338.jpg?t=1643901934\", \"https://cdn.akamai.steamstatic.com/steam/apps/892970/ss_74a6453864a5403f8e124ee2b591717ec7849476.600x338.jpg?t=1643901934\", \"https://cdn.akamai.steamstatic.com/steam/apps/892970/ss_de63b762a7de71260733be23ff8aaf8477babde0.600x338.jpg?t=1643901934\"], \"main\": \"https://cdn.akamai.steamstatic.com/steam/apps/892970/header.jpg?t=1643901934\"}','{\"sub\": [], \"main\": \"https://cdn.akamai.steamstatic.com/steam/apps/256820008/movie480_vp9.webm?t=1612278985\"}','\"게임에 대해&#10;자격을 증명하세요!&#10;당신에게는 발할라에 들 자격이 있을까요? 당신은 10번째 북구 세계인 발하임으로 보내졌습니다. 이 땅에 출몰하는 강한 짐승들을 쓰러뜨려야만 신들의 총애를 받을 수 있죠. 이 모험을 위해 당신은 가장 깊은 숲에서 가장 높은 산꼭대기까지, 세계를 구석구석 누비게 됩니다. 또한 강력한 무기를 제작하고, 불굴의 성을 건설하며, 바이킹 함선을 타고 수평선을 향해 나아가게 될 것입니다.&#10;설명&#10;Valheim은 북구 신화와 바이킹 문화에 기반한 방대한 판타지 세계를 탐험하는 게임입니다. 당신은 발하임 중심부의 비교적 평화로운 지역에서 모험을 시작합니다. 중심부에서 멀리 나갈수록, 세계는 점점 험해지죠. 대신 더 값나가는 재료를 구해, 더 무시무시한 무기와 더 튼튼한 방어구를 제작할 수 있습니다. 또한 세계 각지에 바이킹의 성채와 전초기지를 건설할 수도 있죠. 그리고 마침내 거대한 바이킹 함선을 건조하여 이국 땅을 찾아 망망대해를 항해하게 됩니다... 하지만 너무 멀리 항해하지 않게 조심해야 할 것입니다...&#10;특징:&#10;자유도 높은 집 및 기지 건설 시스템&#10;&#10;직관적인 아이템(무기, 방어구, 식량 등) 제작&#10;&#10;무작위로 생성되는 방대한 세계&#10;&#10;다양한 무기를 사용해 피하고 막도록 되어 있는 전투 시스템&#10;&#10;보스 전투와 전리품 수집&#10;&#10;재미있는 식량과 생명력 시스템&#10;&#10;함선 건조와 항해&#10;&#10;(협동 위주의) 멀티플레이어&#10;&#10;전용 서버\"','[KR]','[Window,macOs]',NULL,NULL,NULL,'2022-02-20 05:21:13','2022-02-20 05:21:13',115043),(44,6,2,'Human: Fall Flat','Human: Fall Flat은 부유하는 초현실적 세계에서 가벼운 마음으로 즐길 수 있는 유쾌한 플랫폼 게임 세트로, 혼자서 플레이하거나 최대 8명의 플레이어와 함께 온라인으로 플레이할 수 있습니다. 무료로 제공되는 새로운 레벨을 통해 더욱 흥미로운 게임과 활기찬 커뮤니티가 계속 유지됩니다.','{\"KR\": 20500}',10,1,0,0,1,0,0,'{\"sub\": [\"https://cdn.akamai.steamstatic.com/steam/apps/477160/ss_087a731844fa4dcd079c6c7dcf5bcd702b490871.600x338.jpg?t=1643311003\", \"https://cdn.akamai.steamstatic.com/steam/apps/477160/ss_e7d09cf77c2ad0f6fb1435567b3ad2c13adbc78f.600x338.jpg?t=1643311003\", \"https://cdn.akamai.steamstatic.com/steam/apps/477160/ss_1624931bb8a7194728bf70eba310ca0818716861.600x338.jpg?t=1643311003\", \"https://cdn.akamai.steamstatic.com/steam/apps/477160/ss_98f69251b18823d2ed4df4e66deca2427cca096a.600x338.jpg?t=1643311003\", \"https://cdn.akamai.steamstatic.com/steam/apps/477160/ss_1c56cb732c13e11a3cc55df478acb48ee49e29f8.600x338.jpg?t=1643311003\"], \"main\": \"https://cdn.akamai.steamstatic.com/steam/apps/477160/header.jpg?t=1643311003\"}','{\"sub\": [], \"main\": \"https://cdn.akamai.steamstatic.com/steam/apps/256859524/movie480_vp9.webm?t=1636466448\"}','\"게임에 대해&#10;***지금 최신 스킨 10개 이용 가능***&#10;흔들리는 지팡이 사탕 집라인에서 크기 조절이 되는 눈 덮인 크리스마스 트리까지, Human: Fall Flat에서는 매년 크리스마스 로비를 습격하곤 한답니다. 동료 여러분과 함께하는 시간은 언제나 즐겁지만, 이 연말 축제 기간은 한 해 중에 가장 멋진 시간이죠!&#10;&#10;선물을 주고받는 계절인 만큼, Dress to Impress Skin Design 대회 수상자들이 제작한 최신 스킨 10개를 무료로 드립니다. 12월 25일까지 기다릴 필요 없이, 바로 오늘부터 게임에서 의사, 항공 승무원, 점쟁이, 어릿광대, 판사, 화가, 교수, 록스타, 재단사, 레슬링 선수 스킨을 만나 보실 수 있습니다. 즐거운 연말 보내세요!&#10;&#10;&#10;&#10;19 개의 멋진 레벨 포함. 3000만 부 이상 다양한 포맷으로 판매됨.&#10;&#10;&#10;Human: Fall Flat은 부유하는 초현실적 세계에서 가벼운 마음으로 즐길 수 있는 유쾌한 플랫폼 게임 세트입니다.&#10;&#10;&#10;&#10;꿈 레벨마다 저택, 성, 아즈텍 모험에서 눈 쌓인 산, 으스스한 야경 및 공장 부지까지 탐험할 수 있는 새로운 환경을 제공합니다. 여러 개의 경로로 레벨을 통과할 수 있으며, 완벽하게 조절된 신나는 퍼즐이 만족스러운 모험과 독창성을 보장합니다.&#10;&#10;더 많은 휴먼, 더 혼란스러운&#10;&#10;&#10;&#10;아수라장&#10;&#10;투석기에 그 바위를 올리는 데 도움이 필요하거나, 벽을 부술 누군가가 필요하신가요? 최대 8명이 함께할 수 있는 온라인 멀티플레이어로 Human: Fall Flat의 플레이 방법을 완전히 바꿉니다.&#10;빈 캔버스&#10;&#10;&#10;&#10;휴먼을 내 취향에 맞게 꾸밀 수 있습니다. 건축가에서 요리사, 스카이 다이버, 광부, 우주 비행사, 닌자까지 다양한 의상으로 바꿔보세요. 머리, 상체, 하체를 창의적으로 다채롭게 꾸며 보세요!&#10;&#10;놀라운 창작마당&#10;&#10;&#10;&#10;Human: Fall Flat 창작마당은 Steam 고유의 환상적인 도구로, Unity와 함께 사용하여 플레이어가 자신만의 Human: Fall Flat 컨텐츠를 만들어 전 세계의 사람들과 공유할 수 있게 해 줍니다. 레벨, 로비, 스킨을 직접 만들어보고 싶지 않으세요? Steam에서 직접 다른 사람의 작품을 다운로드하여 체험해볼 수 있습니다!&#10;&#10;활기찬 커뮤니티&#10;&#10;&#10;&#10;스트리머와 유튜버들이 독특하고 유쾌한 게임 플레이를 위해 Human: Fall Flat으로 모여듭니다. 팬들이 벌써 6억 번 이상 이 영상을 시청했네요!\"','[KR]','[macOS]',NULL,NULL,NULL,'2022-02-20 05:21:32','2022-02-20 05:21:32',184644),(45,9,4,'DJMAX RESPECT V','최고의 인기 리듬게임 “DJMAX” 드디어 STEAM 출시!! DJMAX 시리즈의 최신작 &#39;DJMAX RESPECT&#39;가 더 발전된 모습으로 스팀에 첫 발을 내딛습니다.','{\"KR\": 21000}',10,1,0,0,1,0,0,'{\"sub\": [\"https://cdn.akamai.steamstatic.com/steam/apps/960170/ss_36e75f6ba736b11a3e3085992557cade3c48ae7c.600x338.jpg?t=1635123456\", \"https://cdn.akamai.steamstatic.com/steam/apps/960170/ss_d1133dd8116c076e3488f0f07d0b18e5a6e72d45.600x338.jpg?t=1635123456\", \"https://cdn.akamai.steamstatic.com/steam/apps/960170/ss_506b5515b6382c4aa0bf135eb00dcf2b9b8ab225.600x338.jpg?t=1635123456\", \"https://cdn.akamai.steamstatic.com/steam/apps/960170/ss_d4a266df64345c4229e682ab68ab4e07dd599de7.600x338.jpg?t=1635123456\", \"https://cdn.akamai.steamstatic.com/steam/apps/960170/ss_5c780d4651037a34937aef1d9b8690bfa4769bb5.600x338.jpg?t=1635123456\"], \"main\": \"https://cdn.akamai.steamstatic.com/steam/apps/960170/header.jpg?t=1635123456\"}','{\"sub\": [], \"main\": \"https://cdn.akamai.steamstatic.com/steam/apps/256771849/movie480.webm?t=1578564890\"}','\"게임에 대해&#10;최고의 인기 리듬게임 “DJMAX” 드디어 STEAM 출시!!&#10;DJMAX 시리즈의 최신작 &#39;DJMAX RESPECT&#39;가 더 발전된 모습으로 스팀에 첫 발을 내딛습니다.&#10;&#10;[폭넓은 음악 장르]&#10;Pop, Rock, Electronic 장르는 물론 Ambient, Jazz, Easy Listening 까지!&#10;DJMAX에는 보다 폭 넓은 장르의 음악을 감상하고 플레이할 수 있습니다.&#10;&#10;[전용 뮤직비디오]&#10;FULL HD 해상도의 유려한 뮤직비디오 제공!&#10;오직 DJMAX에서만 만나볼 수 있습니다.&#10;&#10;[다양한 아티스트와 새로운 아티스트]&#10;BEXTER, ND LEE, Paul Bazooka, makou 등 DJMAX시리즈 인기 아티스트의 곡과 더불어&#10;Marshmello, Porter Robinson, 그리고 Yukika.등의 곡을 즐길 수 있습니다.&#10;오직 DJMAX RESPECT V 에서만!!&#10;&#10;[신규 모드 AIR 소개]&#10;어떤 곡을 플레이 할지 고민할 필요가 없습니다.&#10;채널마다 자동으로 재생되는 음악에 맞춰 때로는 연주를, 때로는 감상을!&#10;새롭게 선보이는 AIR 모드에서 음악과 함께하는 코멘트를 통해 전세계 사용자와 소통해보세요.\"','[KR]','[Window,macOs]',NULL,NULL,NULL,'2022-02-20 05:21:52','2022-02-20 05:21:52',142205),(46,2,1,'올인원 스포츠 VR / All-In-One Sports VR','11 가지 스포츠게임을 &#39;올인원 스포츠 VR&#39; 하나로 ! 11 개의 인기 스포츠 게임을 하나의 타이틀로 통합 개발하였습니다. 비대면 가상현실 스포츠를 안전하고 리얼하게 즐길 수있는 최고의 선택입니다.','{\"KR\": 20000}',30,1,0,0,1,0,0,'{\"sub\": [\"https://cdn.akamai.steamstatic.com/steam/apps/1514840/ss_3502aad9de300f3ca469e255dad44c415fcdd17b.600x338.jpg?t=1642401118\", \"https://cdn.akamai.steamstatic.com/steam/apps/1514840/ss_7b8cdf83ee272a7212d586d6b4f3db2ee5110a5c.600x338.jpg?t=1642401118\", \"https://cdn.akamai.steamstatic.com/steam/apps/1514840/ss_9f6acb3e5c37666ba4589170dd9b7ce6324b85bf.600x338.jpg?t=1642401118\", \"https://cdn.akamai.steamstatic.com/steam/apps/1514840/ss_e7584c9b20ded9586564aa03a20e96cf63ed5069.600x338.jpg?t=1642401118\", \"https://cdn.akamai.steamstatic.com/steam/apps/1514840/ss_eab95c30834d1a873295e81ee712315912b20d04.600x338.jpg?t=1642401118\"], \"main\": \"https://cdn.akamai.steamstatic.com/steam/apps/1514840/header.jpg?t=1642401118\"}','{\"sub\": [], \"main\": \"https://cdn.akamai.steamstatic.com/steam/apps/256821799/movie480_vp9.webm?t=1635506045\"}','\"게임에 대해&#10;★ FEATURES :&#10;&#10;&#10;&#10;&#10;■ 세계 최다 11가지 가상현실 리얼 스포츠&#10;-야구, 양궁, 탁구, 농구, 볼링, 배드민턴, 골프, 다트, 당구, 복싱, 테니스&#10;&#10;&#10;■ 멀티 플레이를 통한 실시간 대전&#10;-복싱은 아직 지원되지 않습니다.&#10;■ 뛰어난 물리엔진을 통한 가장 현실적인 가상 스포츠 경험&#10;&#10;&#10;■ 플레이어 커스터마이징(캐릭터 꾸미기) 가능&#10;■ 간단한 UI와 손쉬운 조작으로 누구나 플레이 할 수 있습니다.&#10;■ 초보자부터 전문가까지 5 가지 난이도 싱글플레이 대전&#10;■ 운동 욕구를 자극하는 30 가지 업적시스템 적용&#10;&#10;* 경기 방식은 올림픽 공식 룰과 동일하여 스포츠 트레이닝과 규칙을 배울 수 있습니다.&#10;* 체육시설 및 기상여건때문에 실내에서 진행 해야하는 가상현실 스포츠 교실에 적합합니다.\"','[KR]','[macOS]',NULL,NULL,NULL,'2022-02-20 05:22:28','2022-02-20 05:22:28',16751),(47,1,3,'TEKKEN 7','미시마 일가의 길고 긴 전설적인 싸움에 끝을 맺는다! Unreal Engine 4로 개발되어, 유명 격투 게임 철권이 더욱 충실한 스토리와 영화같은 연출, 그리고 긴장감 넘치는 배틀로 친구나 다른 게이머들과 즐길 수 있는 게임으로 돌아옵니다.','{\"KR\": 21000}',10,1,0,0,1,0,0,'{\"sub\": [\"https://cdn.akamai.steamstatic.com/steam/apps/389730/ss_109f976e32ed8b5bb37d7e25f2e4b5445160f1c4.600x338.jpg?t=1638999755\", \"https://cdn.akamai.steamstatic.com/steam/apps/389730/ss_d92a558644ad60ae5814fc4d2bbaebc5abf62fa3.600x338.jpg?t=1638999755\", \"https://cdn.akamai.steamstatic.com/steam/apps/389730/ss_40faa5ba39563cb899f1ab2ddd2afbf8b451d52f.600x338.jpg?t=1638999755\", \"https://cdn.akamai.steamstatic.com/steam/apps/389730/ss_ed3246605518907954918eb06e90705249be77d6.600x338.jpg?t=1638999755\", \"https://cdn.akamai.steamstatic.com/steam/apps/389730/ss_4274653781c2c618f7749cdb569e2b9274fceba9.600x338.jpg?t=1638999755\"], \"main\": \"https://cdn.akamai.steamstatic.com/steam/apps/389730/header.jpg?t=1638999755\"}','{\"sub\": [], \"main\": \"https://cdn.akamai.steamstatic.com/steam/apps/256807403/movie480_vp9.webm?t=1604043392\"}','\"게임에 대해&#10;&#10;&#10;미시마 일가의 길고 긴 전설적인 싸움의 끝과, 이 잔혹한 싸움에 감춰져있는 비밀이 밝혀집니다. Unreal Engine 4로 개발되어, 유명 격투 게임 철권이 더욱 충실한 스토리와 영화같은 연출, 그리고 긴장감 넘치는 배틀로 친구나 다른 게이머들과 즐길 수 있는 게임으로 돌아옵니다.&#10;&#10;사랑, 복수, 긍지. 모든 사람은 싸워야할 이유를 가지고 있다. 가치관은 강하거나 약하거나 상관없이 우리를 정의하고, 사람으로서 살아가도록 만든다. 이 동기에 선악은 없으며 우리가 어떠한 행동을 취하느냐가 있을 뿐이다.&#10;&#10;철권 7 시즌 패스를 별도 구입하여 당신의 콘텐츠를 멋진 추가 콘텐츠로 확장하세요.\"','[KR]','[macOS]',NULL,NULL,NULL,'2022-02-20 05:22:59','2022-02-20 05:22:59',124787),(48,8,1,'Assassin`s Creed® Odyssey','Assassin&#39;s Creed® Odyssey에서 당신의 운명을 시험해 보십시오. 낙오자에서 살아있는 전설이 되기까지, 긴 여정을 따라가며 당신의 과거에 숨겨진 비밀을 밝혀내고 고대 그리스의 운명을 바꾸어야 합니다.','{\"KR\": 65000}',40,1,0,0,1,0,0,'{\"sub\": [\"https://cdn.akamai.steamstatic.com/steam/apps/812140/ss_0ef33c0f230da6ebac94f5959f0e0a8bbc48cf8a.600x338.jpg?t=1640083113\", \"https://cdn.akamai.steamstatic.com/steam/apps/812140/ss_3f8f4a09fb1d69648a8c20aae19ca2924ba275bd.600x338.jpg?t=1640083113\", \"https://cdn.akamai.steamstatic.com/steam/apps/812140/ss_6dc9f95cfb6d264c3535b53ce08f36ee07066550.600x338.jpg?t=1640083113\", \"https://cdn.akamai.steamstatic.com/steam/apps/812140/ss_458b7cc7392b6fd073bbd679868fd486013cb474.600x338.jpg?t=1640083113\", \"https://cdn.akamai.steamstatic.com/steam/apps/812140/ss_71f5c2052a6bfb94486e929db3d6b92c06696843.600x338.jpg?t=1640083113\"], \"main\": \"https://cdn.akamai.steamstatic.com/steam/apps/812140/header.jpg?t=1640083113\"}','{\"sub\": [], \"main\": \"https://cdn.akamai.steamstatic.com/steam/apps/256730989/movie480.webm?t=1538496199\"}','\"게임에 대해&#10;&#10;&#10;Assassin&#39;s Creed® Odyssey에서 당신의 운명을 시험해 보십시오.&#10;낙오자에서 살아있는 전설이 되기까지, 긴 여정을 따라가며 당신의 과거에 숨겨진 비밀을 밝혀내고 고대 그리스의 운명을 바꾸어야 합니다.&#10;&#10;고대 그리스를 여행하라&#10;생기있고 무성한 숲에서 화산섬과 번화한 도시까지, 탐험의 여정을 시작하고 신과 인간이 벌인 전쟁으로 황폐해진 세계를 살펴보십시오.&#10;&#10;당신의 전설을 이룩하라&#10;당신의 결정으로 인해 여정의 흐름은 달라집니다. 새로운 대화 시스템과 선택지를 통해 달라지는 결말을 확인해 보십시오.&#10;&#10;거대한 전투에서 승리하라&#10;아테네와 스파르타의 대규모 전투에서 전사로서의 능력을 발휘하거나, 에게 해에서 수많은 함선들과 거친 해상전을 펼치며 항해해 나가십시오.&#10;&#10;경이의 눈으로 바라보세요&#10;Tobii Eye Tracking으로 완전히 새로운 액션을 경험하세요. 확장 보기 기능은 환경을 더 넓은 시야로 제공하며, 다이나믹 조명과 태양 효과는 보는 방향에 따라 모래 사구에 더 깊이 몰입할 수 있게 도와줍니다. 타깃을 바라보는 것만으로도 더욱 자연스럽게 타깃을 태그, 조준, 고정할 수 있습니다. 시각의 힘을 이용해서 게임 플레이 경험을 한층 다채롭게 만드세요.&#10;Tobii 웹사이트를 방문해서 호환 가능한 기기 목록을 확인하십시오.&#10;-----&#10;추가 사항:&#10;시선 추적 기능은 Tobii Eye Tracking을 통해 제공됩니다.\"','[KR]','[Window,macOs]',NULL,NULL,NULL,'2022-02-20 05:23:46','2022-02-20 05:23:46',65567),(49,6,4,'Hunt: Showdown','Hunt: Showdown is a thrilling, high-stakes PvPvE first-person shooter. Take down nightmarish monsters, as you compete for the bounties that will bring you glory, gear, and gold in this unforgiving – and unforgettable - online multiplayer experience.','{\"KR\": 82000}',50,1,0,0,1,0,0,'{\"sub\": [\"https://cdn.akamai.steamstatic.com/steam/apps/594650/ss_ecccaab1143081ca96d8bf00d8b1c4d3d3291e64.600x338.jpg?t=1645107761\", \"https://cdn.akamai.steamstatic.com/steam/apps/594650/ss_36f6d959f75d1cca48c2a98d892d2697f6d4bde6.600x338.jpg?t=1645107761\", \"https://cdn.akamai.steamstatic.com/steam/apps/594650/ss_f2a2d3445a568c0748aca08a44f45ceac4810cb4.600x338.jpg?t=1645107761\", \"https://cdn.akamai.steamstatic.com/steam/apps/594650/ss_021db5b59b2108a69fa710164b97e58cfaada03c.600x338.jpg?t=1645107761\", \"https://cdn.akamai.steamstatic.com/steam/apps/594650/ss_5d14f045ac48f8aa8ccd643a1db7e83a0c384fba.600x338.jpg?t=1645107761\"], \"main\": \"https://cdn.akamai.steamstatic.com/steam/apps/594650/header.jpg?t=1645107761\"}','{\"sub\": [], \"main\": \"https://cdn.akamai.steamstatic.com/steam/apps/256843177/movie480_vp9.webm?t=1637763850\"}','\"게임에 대해&#10;HUNT TOGETHER. DIE ALONE.&#10;&#10;The year is 1895, and you are a Hunter tasked with eliminating the savage, nightmarish monsters that have infested the Louisiana Bayou. Play alone or in teams of two or three, as you search for clues to help you track your target and compete against other Hunters who are after the same reward. Kill and banish your target, collect the bounty, and then get ready for the showdown; once the bounty is in your hands every other Hunter on the map will be after your prize. Show no mercy as you fight through a dark, ruthless world with brutal, period-inspired weapons, as you level up, unlock gear, and collect experience and gold for your Bloodline.&#10;&#10;HIGH-RISK, HIGH-REWARD, HIGH-TENSION GAMEPLAY&#10;&#10;Competitive, match-based gameplay combines PvP and PvE elements to create a uniquely tense experience where your character and your gear are always on the line. Succeed, and you will be rewarded handsomely but remember – a single mistake could cost you your Hunter – and any gear they were carrying.&#10;&#10;&#10;&#10;&#10;&#10;BOUNTY HUNT MODE&#10;&#10;Team up or go it alone to battle monsters, bosses, and other Hunters to secure the bounty in Bounty Hunt, the game’s main PvPvE mode.&#10;&#10;&#10;&#10;&#10;Play alone or in teams of two or three with up to 12 players on the map&#10;&#10;Use Dark Sight to collect clues and track your target&#10;&#10;Fight brutal creatures and deadly monsters – and the other Hunters who are competing for the same prize&#10;&#10;Be the first to find and take out the target and collect your reward&#10;&#10;Get to an extraction point without being killed by those who seek to steal the bounty&#10;&#10;Live to die another day&#10;&#10;&#10;&#10;QUICK PLAY MODE&#10;&#10;In this shorter mode, solo players compete to be the last Hunter standing.&#10;&#10;Play solo in a shorter match format against up to 12 other solo players&#10;&#10;Scavenge for gear&#10;&#10;Be the first to find and close four rifts in a competition for a diminishing pool of bounty&#10;&#10;Close the last rift and absorb all its energy&#10;&#10;-OR- compete to eliminate the leading Hunter to steal their reward&#10;&#10;Survive the final countdown to complete the mission&#10;&#10;Last Hunter standing keeps their Hunter - while the others perish, and are lost&#10;&#10;TRIALS AND TRAINING MODE&#10;&#10;Prepare for the thrill of the hunt in the game’s Trials and Training modes. These provide a pure PvE experience for honing your skills and maximizing your chances of taking home the bounty.&#10;&#10;&#10;Explore any map without the pressure of a Hunter ambush&#10;&#10;Sharpen your skills and practice you kills&#10;&#10;Complete Trial objectives testing your speed, strength, and sniping skills&#10;&#10;Walk in the shoes of the notorious Hunters who came before you&#10;&#10;SPECIAL FEATURES: PROGRESSION & DARK SIGHT&#10;&#10;Progress through the ranks via your Bloodline, which allows you to level up your Hunters. Though a Hunter may die, some experience will always be transferred to your Bloodline, which over time unlocks new weapons and specializations for your other Hunters.&#10;&#10;Dark Sight allows Hunters to see the unseen by helping you to track clues with a ghostly light and marking players carrying a bounty.&#10;&#10;\"','[KR]','[Window]',NULL,NULL,NULL,'2022-02-20 05:24:09','2022-02-20 05:24:09',129334),(50,4,3,'Golf With Your Friends','친구와 골프를&quot;&quot;은 재미있고, 도전적이고, 최대 12명이 즐길 수 있는 멀티플레이어 미니 골프 게임입니다. 이 게임에는 현재 18홀로 구성된 레벨 9개가 있습니다.','{\"KR\": 15500}',0,1,0,0,1,0,0,'{\"sub\": [\"https://cdn.akamai.steamstatic.com/steam/apps/431240/ss_eab882834b54a0a3eb89b4a658b72596f364e9e0.600x338.jpg?t=1643289939\", \"https://cdn.akamai.steamstatic.com/steam/apps/431240/ss_db651179701c4c78f89448506f6fe177585d28a7.600x338.jpg?t=1643289939\", \"https://cdn.akamai.steamstatic.com/steam/apps/431240/ss_af779fcd049a35140f47ff8781eec8d0e5d7d7bd.600x338.jpg?t=1643289939\", \"https://cdn.akamai.steamstatic.com/steam/apps/431240/ss_435a6e64a3c523f60905dfdfc99833ae8497b1a6.600x338.jpg?t=1643289939\", \"https://cdn.akamai.steamstatic.com/steam/apps/431240/ss_a8fe3a7a2da5092a6948ac97db10d7c000d6646a.600x338.jpg?t=1643289939\"], \"main\": \"https://cdn.akamai.steamstatic.com/steam/apps/431240/header.jpg?t=1643289939\"}','{\"sub\": [], \"main\": \"https://cdn.akamai.steamstatic.com/steam/apps/256807157/movie480_vp9.webm?t=1603894491\"}','\"게임에 대해&#10;친구와 골프를&quot;&quot;은 재미있고, 도전적이고, 최대 12명이 즐길 수 있는 멀티플레이어 미니 골프 게임입니다.&#10;이 게임에는 현재 18홀로 구성된 레벨 9개가 있습니다.&#10;&#10;조작법은 단순하며 게임은 사용자가 호스트가 되거나 단 몇 초 만에 게임에 참가할 수 있도록 만들어졌습니다.&#10;게임은 필요한 경우 사용자가 암호를 추가해서 서버에 호스트하거나 공개적으로 개방할 수 있습니다.&#10;주요 특징&#10;&#10;각각 18홀로 구성된 다양한 레벨 7개, 총 162개 홀. &#10;&#10;12인 멀티플레이어&#10;&#10;레벨 편집기&#10;&#10;공 꾸미기 (모자 및 궤적)&#10;&#10;조정 기능 (낮은 중력, 다양한 공 모양 등)&#10;&#10;게임 모드 (후프 및 하키)&#10;&#10;플레이어 생성 서버&#10;&#10;Steam 초대\"','[KR]','[Window,macOs]',NULL,NULL,NULL,'2022-02-20 05:24:30','2022-02-20 05:24:30',123420),(51,2,4,'Night of the Dead','Build defenses against nightly waves of zombies. Survive and escape the island.','{\"KR\": 26000}',40,1,0,0,1,0,0,'{\"sub\": [\"https://cdn.akamai.steamstatic.com/steam/apps/1377380/ss_371c41a1d933d49cf7d2d7f722e40b46525ee464.600x338.jpg?t=1642136267\", \"https://cdn.akamai.steamstatic.com/steam/apps/1377380/ss_f13d75cd9737fbecd42f1111819555211ef72df7.600x338.jpg?t=1642136267\", \"https://cdn.akamai.steamstatic.com/steam/apps/1377380/ss_aad6ff5b2041f71050cd4713874c9d11ebb7de77.600x338.jpg?t=1642136267\", \"https://cdn.akamai.steamstatic.com/steam/apps/1377380/ss_ce6487d50b7c9c6e91a74a1ad62845dac3c14ba7.600x338.jpg?t=1642136267\", \"https://cdn.akamai.steamstatic.com/steam/apps/1377380/ss_37fff600ccb48b8dd96f3628eddfd668b0eee0ac.600x338.jpg?t=1642136267\"], \"main\": \"https://cdn.akamai.steamstatic.com/steam/apps/1377380/header.jpg?t=1642136267\"}','{\"sub\": [], \"main\": \"https://cdn.akamai.steamstatic.com/steam/apps/256869155/movie480_vp9.webm?t=1642136260\"}','\"게임에 대해&#10;Lucy wakes up from a human experiment and gets trapped in a city covered with zombies. She must survive nightly zombie waves and communicate with a group of survivors to escape from the isolated area.&#10;&#10;Key features&#10;&#10;Survive, exploring a vast island where everything is interactive and covered with zombies.&#10;- Build and upgrade bases using materials obtained by cutting down trees, mining up stones and collecting artifacts.&#10;- Get food through hunting and farming, cook and eat.&#10;- Build fortresses and traps to guide zombie movements to defend the flocking zombie waves.&#10;- Collect various items, weapons and costumes while searching the house.&#10;- Create various items and equipment through crafting to survive from zombies and harsh environments.&#10;- Find clues through the journals and escape the island.\"','[KR]','[Window]',NULL,NULL,NULL,'2022-02-20 05:25:07','2022-02-20 05:25:07',93931),(52,5,2,'Russian Fishing 4','Russian Fishing 4 is a fishing simulator with RPG elements. There is no story line and the whole process is based on the concept of an open, free to roam and free to play game.','{\"KR\": 20500}',0,1,0,0,1,0,0,'{\"sub\": [\"https://cdn.akamai.steamstatic.com/steam/apps/766570/ss_8e06fa845b84c8693ee557be5c04671c2cb8ff62.600x338.jpg?t=1643196045\", \"https://cdn.akamai.steamstatic.com/steam/apps/766570/ss_f9332df262b541a013ce2aaa8442f48522e3db9f.600x338.jpg?t=1643196045\", \"https://cdn.akamai.steamstatic.com/steam/apps/766570/ss_1553f36c0b894cf691e36c64e5b79a847bd99ddc.600x338.jpg?t=1643196045\", \"https://cdn.akamai.steamstatic.com/steam/apps/766570/ss_238d9e4dc9b8df856dfbb008ab2b2c4804cde02f.600x338.jpg?t=1643196045\", \"https://cdn.akamai.steamstatic.com/steam/apps/766570/ss_c35eb6ce45c0c4f339ffe2caef04151d1f61a728.600x338.jpg?t=1643196045\"], \"main\": \"https://cdn.akamai.steamstatic.com/steam/apps/766570/header.jpg?t=1643196045\"}','{\"sub\": [], \"main\": \"https://cdn.akamai.steamstatic.com/steam/apps/256702840/movie480.webm?t=1514663551\"}','\"게임에 대해&#10;&#10;&#10;러시아낚시4의 개발로 낚시에 대한 우리의 공통된 열정과 자연에 대한 사랑을&#10;전달할 수 있는 세상을 만드는 것이 저희 팀의 목표입니다. 별이 서서히 희미해지고&#10;새가 지저귀기 시작하는 새벽에 물기를 기다리며, 숨을 참으며 기다리다 커다란 포식성&#10;물고기의 물림에 낚시대가 위험하게 구부러질 때, 방금 잡은 물고기를 모닥불에서&#10;간단히 요리합니다 – 이 모든 것이 러시아 피싱 4에서 가능합니다.&#10;그리고, 이 게임은 낚시꾼들이 낚시꾼들을 위해서요 디자인한 것 입니다.&#10;&#10;게임의 주요 특징은 다음과 같습니다.&#10;&#10;&#10;현재, 게임은 15개의 수역과 독특한 기상 환경 및 다양한 물고기 세트를&#10;제공합니다.&#10;&#10;&#10;&#10;&#10;110가지 이상의 세부 종을 경험해 보실수 있고 시간이 지나면 이 숫자는&#10;더 늘어날 것입니다.&#10;&#10;&#10;&#10;&#10;다양한 장비들 중에 수백개의 현대적인 낚시대, 릴 및 액세서리들을&#10;선택할수 있습니다.&#10;&#10;&#10;&#10;&#10;게임은 각 수역에서 자유롭게 이동을 할수 있으며 해안선 또는 보트에서&#10;낚시를 할 수 있습니다.&#10;&#10;&#10;&#10;&#10;찌낚시, 바텀, 스피닝 등 다양한 낚시를 시행 할수 있으며 각각 실제&#10;낚시 경험을 고려하여 세심하게 설계되었으며, 다양한 장비와 낚시&#10;기술이 포함되어 있습니다.&#10;&#10;&#10;&#10;&#10;실제와 마찬가지로, 물고기의 행동은 날씨, 시간, 기타 요인에&#10;따라 달라질 수 있습니다.&#10;&#10;&#10;&#10;&#10;선택한 전문 분야와 관련된 기술을 개발할 수 있는 충분한 기회가&#10;주어집니다(루어 만들기, 미끼 수확, 요리 등).&#10;&#10;&#10;&#10;게임은 끊임없이 개발중에 있으며 낚시 경험을 향상시키기 위해&#10;더 많은 콘텐츠가 추가될 것입니다.&#10;&#10;&#10;&#10;귀하의 성과를 다른 참가자와 랭킹, 자격 및 통계에서 비교하고,&#10;다양한 경기 및 경품 이벤트에 참가하세요.&#10;&#10;&#10;&#10;어종(습관)에 대한 지식을 습득하여 본인이 잡고자하는 전설적인&#10;트로피 어종을 잡을 수 있는 완벽한 장비 세팅도 하시길 바랍니다.&#10;&#10;&#10;&#10;러시안 피싱 4 – 물가에서 만나요.\"','[KR]','[Window,macOs]',NULL,NULL,NULL,'2022-02-20 05:25:22','2022-02-20 05:25:22',95347),(53,5,1,'The Crew™ 2','미국 전역에서 어디든 제약을 받지 않고 육지와 바다, 하늘을 탐험하며 미국 모터스포츠 현장을 직접 찾아가보세요. 다양한 자동차와 오토바이, 보트와 비행기를 넘나들며 여러 주행 과제에 도전할 수도 있습니다.','{\"KR\": 55000}',40,1,0,0,1,0,0,'{\"sub\": [\"https://cdn.akamai.steamstatic.com/steam/apps/646910/ss_34662385e6d2ab37b49eae52bee0800f5e2dc767.600x338.jpg?t=1643657484\", \"https://cdn.akamai.steamstatic.com/steam/apps/646910/ss_75f2de49e2e2d78bb6d3415bc3e1427b58d8a8c2.600x338.jpg?t=1643657484\", \"https://cdn.akamai.steamstatic.com/steam/apps/646910/ss_4fe5544b606d1e99fddd46f6e98064077615f03c.600x338.jpg?t=1643657484\", \"https://cdn.akamai.steamstatic.com/steam/apps/646910/ss_160e4f2c8c43081211f1da8dd5ff5e285a3a04ab.600x338.jpg?t=1643657484\", \"https://cdn.akamai.steamstatic.com/steam/apps/646910/ss_d7a89f47597c4c1ce2d0b49b0fc3e5f5e8e671e6.600x338.jpg?t=1643657484\"], \"main\": \"https://cdn.akamai.steamstatic.com/steam/apps/646910/header.jpg?t=1643657484\"}','{\"sub\": [], \"main\": \"https://cdn.akamai.steamstatic.com/steam/apps/256686716/movie480.webm?t=1556554070\"}','\"게임에 대해&#10;&#10;&#10;시험용 버전을 다운로드해 THE CREW® 2 정식 버전 게임을 4시간 동안 무료로 플레이해보십시오&#10;&#10;신작 레이싱 게임 The Crew® 2는 역대 가장 짜릿한 오픈 월드를 제공해 미국적인 모터스포츠의 전율을 담아냈습니다. 거대하고 다양하며 액션이 가득한 Motornation에 오신 것을 환영합니다. 육지, 바다, 그리고 하늘을 넘나들며 자유를 만끽하세요. 동해안에서 서해안까지, 길거리 레이서와 프로 레이서, 오프로드 전문가와 프리스타일러가 모두 모여 다양한 종류의 레이스를 선보입니다. 이들과 함께 경기하고 전 세계 사람들과 영광의 순간을 함께 나누세요.&#10;&#10;The Crew® 2에서 드라이빙 스킬을 선보이고 다재다능한 모터스포츠 챔피언으로 거듭나세요.&#10;&#10;게임 특징&#10;Motornation에 오신 것을 환영합니다. 육지, 바다, 그리고 하늘에 도전하세요!&#10;한계에 도전하고 미국 랜드마크에서 새로운 경험을 해보세요. 눈 덮인 로키 산맥 정상의 안개와 구름을 뚫고 활주하며 뉴욕의 뒷골목을 전속력으로 내달리세요. 미시시피 강을 가뿐하게 횡단하고 그랜드 캐니언 곳곳을 탐험하세요. 꿈의 하이퍼 카를 몰아보고 미국에서 가장 유명한 오토바이를 타보세요. 곡예 비행기와 파워 보트도 조종해보세요. 완전히 새롭게 설계한 미국 맵에서 무한한 재미를 만끽하고 끝없이 도전해보세요.&#10;&#10;다양한 차량을 바로 바꿔가며 신나게 달려보세요!&#10;The Crew® 2에서는 좋아하는 차량을 타고 오픈 월드를 자유롭게 탐험할 수 있습니다. Fast Fav 기능으로 버튼을 한 번만 클릭하면 원하는 차량으로 바꾸고 이 광활하고 끝없는 오픈 월드를 신나게 질주할 수 있습니다. 꿈의 하이퍼 카를 타고 L.A를 내달리다가 가장 빠른 곡예 비행기로 바꿔 고층 건물 사이를 곡예 비행하며 지상에서 멋진 할리우드를 즐겨보세요. 그러다 태평양 해안에 다다르면 화려한 파워 보트로 바꿔 조종해보세요. 끝없는 재미와 도전과제가 여러분을 기다리고 있습니다.&#10;&#10;&#10;챔피언이 되세요!&#10;미국 전역에서 모인 길거리 레이서, 프로 레이서, 오프로드 전문가, 프리스타일러라는 각기 다른 4가지 종류의 모터스포츠 패밀리와 함께하세요. 이들은 여러분에게 신규 차량을 소개하고 각 패밀리만의 모터스포츠 문화와 종류에 대해 알려줍니다. 경쟁과 무작위 레이스를 통해 자신만의 스타일을 찾으세요. 꿈에 그리던 차량을 모아 커스터마이징해 본부에서 뽐내고 미국 전역의 모터스포츠 현장에 여러분의 바퀴 자국을 남겨보세요.&#10;&#10;거대한 세계에서 정보를 나누고 최고가 되세요!&#10;여러분의 업적과 특별한 순간을 친구 그리고 다른 이들과 공유하세요. 기록을 경신하고 최고 기록을 세우세요! 성취를 공유할수록 The Crew® 2 세계는 점점 흥미로워집니다. 여러분이 새롭게 무언가를 달성할 때마다 기록이 저장됩니다. 다른 플레이어에게는 새로운 도전을, 여러분에게는 뛰어넘을 장애물을 선사하는 셈이죠. 버튼 하나로 최고의 순간을 캡처해 모두에게 자랑하세요.\"','[KR]','[macOS]',NULL,NULL,NULL,'2022-02-20 05:25:43','2022-02-20 05:25:43',46735),(54,9,2,'Car Mechanic Simulator 2021','서비스 기업을 구축하세요. 세부 사항에 기본적인 중점을 둔 고도로 현실적인 시뮬레이션 게임을 직접 해보세요. 새로운 경매장을 방문하고 다양한 성능의 자동차들을 구매하세요. 새로운 작업 공간 과 장비에 투자하여 서비스 범위를 확장하세요.','{\"KR\": 26000}',0,1,0,0,1,0,0,'{\"sub\": [\"https://cdn.akamai.steamstatic.com/steam/apps/1190000/ss_c3204e3c330d57d42dbfccb7007503d9146f6735.600x338.jpg?t=1644339409\", \"https://cdn.akamai.steamstatic.com/steam/apps/1190000/ss_640ae3f1f1638aa40d95b561dd04d89366fa9ddd.600x338.jpg?t=1644339409\", \"https://cdn.akamai.steamstatic.com/steam/apps/1190000/ss_b2dc4a959034d5ba7742f74b0880dd2981035a49.600x338.jpg?t=1644339409\", \"https://cdn.akamai.steamstatic.com/steam/apps/1190000/ss_b3146d11a71d3738a6affdc6234682c5cd8a336b.600x338.jpg?t=1644339409\", \"https://cdn.akamai.steamstatic.com/steam/apps/1190000/ss_e4282485416ad35fdcc9d179c80dda13ec0fff09.600x338.jpg?t=1644339409\"], \"main\": \"https://cdn.akamai.steamstatic.com/steam/apps/1190000/header.jpg?t=1644339409\"}','{\"sub\": [], \"main\": \"https://cdn.akamai.steamstatic.com/steam/apps/256832709/movie480_vp9.webm?t=1619704398\"}','\"게임에 대해&#10;&#10;자동차 정비사 시뮬레이터 2021은 플레이어 기반이 잘 구축된 새로운 제품입니다. 차고의 새로운 주인으로 시작하여 서비스 기업을 구축하세요. 매우 현실적인 세부사항을 가진 초현실 시뮬레이션 게임을 직접 해보세요. 4000개 이상의 고유한 부품들과 72대 이상의 자동차에서 작업할 준비를 하세요. 소매를 걷어붙이고 너무나 리얼한 차고 환경에 빠져보세요.&#10;&#10;&#10;&#10;새로운 작업 공간 과 장비에 투자하여 서비스 범위를 확장하세요. 자동차를 수리, 시험, 도장, 정비 및 재조립하세요. 새로운 경매장을 방문하고 다양한 성능의 자동차들을 구매하세요. 운이 좋으면 차고에서 시도해볼 수 있습니다. 어떤 차에는 숨겨진 보석이 있을 수 있습니다. 찾을 수 있다면 말이죠.&#10;&#10;&#10;&#10;무한정 생성되는 주문은 한동안 당신을 바쁘게 할 것입니다. 더 큰 도전을 하고 싶다면 특별히 제작된 스토리 미션을 시도해 보십시오. 각 미션에는 당신이 직면해야 하는 고유한 요구사항과 도전이 있습니다.&#10;&#10;&#10;&#10;작업장 업그레이드를 완료했으면 프로젝트 자동차에 도전해야 합니다. 돈을 모아서 차를 산 다음 깨끗하게 만드세요. 녹슨 자동차로부터 완벽한 성능을 가진 최상의 자동차에 이르기까지 말이죠. 손에 많은 엔진 그리스를 묻힐 시간입니다!&#10;&#10;&#10;&#10;제품 특징&#10;&#10;수리해야 할 72대의 자동차&#10;&#10;4000개 이상의 고유한 부품&#10;&#10;무작위로 생성되는 무한한 주문&#10;&#10;자동차 경매&#10;&#10;차고에서 찾은 물건&#10;&#10;폐차장에서 찾은 물건&#10;&#10;수작업 스토리 미션&#10;&#10;스킬 및 차고 업그레이드 시스템&#10;&#10;차 조정&#10;&#10;끝없는 게임 플레이&#10;&#10;타임 트라이얼이 있는 경주 트랙&#10;&#10;&#10;&#10;자동차 정비사 시뮬레이터 2021의 새로운 기능&#10;&#10;자동차 연료&#10;&#10;새로운 때 제거 기계로 세차&#10;&#10;넓은 오픈 플랜 차고&#10;&#10;차체 부분에 새로운 유형의 손상-찌그러짐&#10;&#10;도색 가능한 기계식 자동차 부품&#10;&#10;새로운 엔진 소리&#10;&#10;미니게임&#10;&#10;브레이크 선반 공구&#10;&#10;품질 업그레이드 시스템&#10;&#10;퓨즈박스&#10;&#10;새로운 주차 시스템&#10;&#10;폐품 경매&#10;&#10;개선된 부품 검사 모드&#10;&#10;시각적 주문형 차체 부품&#10;&#10;자동차 구성기&#10;&#10;녹슨 볼트&#10;&#10;\"','[KR]','[Window]',NULL,NULL,NULL,'2022-02-20 05:26:00','2022-02-20 06:54:30',162478),(55,6,4,'Out of the Park Baseball 22','Out of the Park Baseball 22는 전략/스포츠 게임 팬의 꿈을 현실로 이끕니다. MLB, MiLB 그리고 MLBPA에서 공식 라이선스를 받았으며 Metacritic PC Game of the Year 상을 두 번이나 수상한 유일한 게임입니다. OOTP 22, 22년의 특별함을 경험하세요! 최초로 한국어 적용 버전이 출시 예정입니다!','{\"KR\": 20500}',0,1,0,0,1,0,0,'{\"sub\": [\"https://cdn.akamai.steamstatic.com/steam/apps/1455660/ss_a3e353199e127205378b408dda658c60430ee808.600x338.jpg?t=1644687630\", \"https://cdn.akamai.steamstatic.com/steam/apps/1455660/ss_4c3a02d8f8bc662cfbf63f582a5c8c99970de49a.600x338.jpg?t=1644687630\", \"https://cdn.akamai.steamstatic.com/steam/apps/1455660/ss_d6df2eb8eca75bfd0b42d859a6b99d1843b229e6.600x338.jpg?t=1644687630\", \"https://cdn.akamai.steamstatic.com/steam/apps/1455660/ss_cf38fd3f33a70bae1199dfdac339a3c1e5cace9e.600x338.jpg?t=1644687630\", \"https://cdn.akamai.steamstatic.com/steam/apps/1455660/ss_1d8f8cb9ba9d579e97e791936152baa7f15fb231.600x338.jpg?t=1644687630\"], \"main\": \"https://cdn.akamai.steamstatic.com/steam/apps/1455660/header.jpg?t=1644687630\"}','{\"sub\": [], \"main\": \"https://cdn.akamai.steamstatic.com/steam/apps/256824752/movie480_vp9.webm?t=1614966467\"}','\"게임에 대해&#10;Out of the Park Baseball 22는 여러 수상 경력에 빛나는 스포츠 전략 게임 OOTP의 22번째 시리즈 입니다. 그리고 드디어 최신 KBO 라이선스를 포함한 한국어 버전이 출시 되었습니다! 비교할 수 없는 깊이, MLB와 MLBPA 공식 라이선스에서 오는 현실성, 오프라인 및 온라인 게임 플레이로 Out of the Park Baseball 22는 타의 추종을 불허하는 경험을 선사합니다.&#10;&#10;“OOTP는 놀라운 업적입니다!” – 보스턴 레드삭스 구단주 John W. Henry&#10;&#10;Out of the Park Baseball 22는 다른 유사 게임과 다르게 야구 세계에 온전히 몰입할 수 있는 야구 전략 게임입니다! 트레이드를 비롯해 자유 계약, 재정, 스카우트, 전략, 직원 등 조직의 모든 부분을 관리해보세요. 메이저리그부터 마이너리그까지 모두 원하는 대로 운영할 수 있습니다. 최신화 된 현재 실제 MLB 팀들로 게임을 시작하거나, 야구 역사의 시간을 거슬러 가 과거 리그를 즐길 수도 있습니다.&#10;&#10;새로운 인재를 발굴하고 차기 슈퍼스타를 드래프트하며, 자유 계약 선수와 협상해보세요. 다른 팀과 트레이드 논의를 할 수도 있고, 왕조를 건설하거나 프랜차이즈를 무한한 미래로 이끌 수도 있습니다! 감독으로서 더 많은 실무에 뛰어들어 팀의 라인업, 투수진, 게임 내 전략을 설정하고 더그아웃에서 경기를 지휘해보세요. 높은 수준에서 리그를 감독하거나 실감나는 3D 게임 모드에서 게임을 플레이할 수도 있습니다. OOTP에서는 모든 것이 가능합니다!&#10;&#10;혼자서, 또는 온라인 리그에서 친구들과 함께 플레이하거나, 온라인 퍼펙트 팀 모드에서 전 세계 수만 명의 플레이어와도 대결해보세요. OOTP를 게임을 즐길 방법은 무궁무진합니다.&#10;&#10;Out of the Part Baseball 22는 프랜차이즈 역사상 최고의 시리즈입니다. Metacritic PC Game of the Year 유일한 2회 수상작인 OOTP 시리즈, 이를 토대로한 OOTP 22는 가장 현실적이고 생생한 야구 플레이를 가능케 합니다.&#10;&#10;이번 시즌의 새로운 특징을 소개합니다!&#10;&#10;● 한국어 버전 최초 공개 예정&#10;● 모든 MLB 클럽에 놀라운 신규 3D 스타디움 적용&#10;● 당신의 조직에 엄청난 영향을 미칠 신규 코칭 시스템&#10;● 팀에 대한 모든 컨트롤을 가능케 하는 완전히 새로워진 팀 및 선수 전략&#10;● 새로운 트레이드 전략 및 트레이드 AI로 더욱 스마트하고 현실감 넘쳐진 거래&#10;● 모든 2021년 실제 팀, 선수, 일정 및 규칙 반영&#10;● 수많은 새로운 기능과 요소를 갖추어 새롭게 업그레이드된 구장 건설 키트 2.0&#10;● 퍼펙트 팀 온라인 대회 내의 새로운 퍼펙트 드래프트 모드&#10;● 이외의 여러 가지 새로운 기능까지!&#10;&#10;Major League 및 Minor League Baseball trademarks와 저작권은 Major League Baseball의 허가를 받아 사용합니다. MLB.com 및 MiLB.com을 방문하시기 바랍니다.&#10;&#10;공식 라이선스 획득 제품 – MLB Players, Inc.&#10;&#10;Out of the Park Developments © Copyright 2021. All Rights Reserved\"','[KR]','[Window,macOs]',NULL,NULL,NULL,'2022-02-20 05:26:20','2022-02-20 05:26:20',21072),(56,6,4,'팀파이트 매니저','팀파이트 매니저는 가상의 E-sports 팀 감독이 되어 선수들을 관리하며 경기를 진행하는 시뮬레이션 게임입니다. 챔피언과 선수의 특성을 파악하여 승리할 수 있는 밴픽을 구성해 보세요! 잘 짜여진 전략은 선수의 실력마저 극복할 수 있습니다.','{\"KR\": 21000}',30,1,0,0,1,0,0,'{\"sub\": [\"https://cdn.akamai.steamstatic.com/steam/apps/1372810/ss_bff6ff9694c35f60cf78632238a3a5c979d6f44c.600x338.jpg?t=1643163899\", \"https://cdn.akamai.steamstatic.com/steam/apps/1372810/ss_681cac35063e744ef0dff86b1ca191a27ef61bb0.600x338.jpg?t=1643163899\", \"https://cdn.akamai.steamstatic.com/steam/apps/1372810/ss_3e9f6c2bc651e0b1a441f83072b1a3bc84a71f01.600x338.jpg?t=1643163899\", \"https://cdn.akamai.steamstatic.com/steam/apps/1372810/ss_688b0c858352460a018bf0224ee3ed36c7027f7c.600x338.jpg?t=1643163899\", \"https://cdn.akamai.steamstatic.com/steam/apps/1372810/ss_93438bf9121d46a85736b35df979368d49e47735.600x338.jpg?t=1643163899\"], \"main\": \"https://cdn.akamai.steamstatic.com/steam/apps/1372810/header.jpg?t=1643163899\"}','{\"sub\": [], \"main\": \"https://cdn.akamai.steamstatic.com/steam/apps/256841742/movie480_vp9.webm?t=1626232938\"}','\"게임에 대해&#10;Teamfight Manager는 가상의 eSports 프로게임단 감독이 되어 팀을 관리하는 게임입니다.&#10;&#10;효율적으로 팀을 성장시키고 최고의 전략을 찾아내어 월드 챔피언십 타이틀을 획득하세요!&#10;&#10;· 밴픽 시스템&#10;&#10;수십 종의 챔피언 중에서 가장 훌륭한 조합을 찾아내 보세요. 내 선수들이 잘 사용하는 챔피언과 상대 선수들이 잘 사용하는 챔피언, 그리고 조합 간의 상성까지 한 번에 고려해야 최상의 결과를 얻을 수 있을 것입니다.&#10;&#10;· 경기 진행&#10;&#10;각 챔피언들은 1분 동안 데스매치 규칙을 통해 전투를 진행하며 더 많은 처치를 기록한 팀이 승리합니다.&#10;&#10;· 챔피언&#10;&#10;챔피언은 고유의 특징을 가지고 있습니다. 쿨타임마다 사용하는 기본 기술 1개와 한 세트마다 한 번만 사용할 수 있는 궁극기를 보유하고 있죠. 기본적인 능력 및 기술의 특성을 잘 판단하여 상황에 맞는 챔피언을 선택해야만 승리할 수 있을 것입니다.&#10;&#10;· 선수 관리&#10;&#10;영입을 통해 더 좋은 선수를 찾거나 현재 보유한 선수를 육성해서 더욱 강한 팀을 만들 수 있습니다. 선수마다 공격/방어 능력치 및 챔피언 숙련도가 다르고, 어떤 선수는 특성을 통해 차별화되는 능력을 보유할 수도 있습니다. 팀의 자금과 선수의 능력을 잘 고려하여 효율적으로 선수를 관리해 보세요.&#10;&#10;· 팀 성장&#10;&#10;장비를 만들거나 시설을 개선하여 선수들에게 더 좋은 환경을 제공할 수 있습니다. 최고의 선수들이 최상의 결과를 낼 수 있도록 뛰어난 성능의 장비와 훌륭한 환경을 조성해 주세요.&#10;&#10;· 멀티플레이어&#10;친선경기를 통해 1:1로 실력을 겨루거나 친구들을 모아 최대 10명까지 함께 리그를 진행할 수 있습니다. 누가 최고의 감독인지 증명해 보세요.&#10;&#10;이제 감독이 될 준비가 끝난 것 같습니다. 월드 챔피언십 우승으로 향하는 여정에 행운이 가득하길 바랍니다!\"','[KR]','[Window,macOs]',NULL,NULL,NULL,'2022-02-20 05:26:40','2022-02-20 05:26:40',121225),(57,5,2,'대항해시대4 with 파워업키트 HD Version','&quot;대항해시대&quot; 시리즈의 인기 타이틀 &quot;대항해시대IV&quot;가 HD로 등장! 16세기 유럽의 &quot;대항해시대&quot;를 무대로 직접 모험가, 상인, 군인 등이 되어 동시대를 살아가던 많은 사람과 인간 드라마를 만들어나가는 해양 모험 시뮬레이션 RPG입니다. 플레이어는 세계 7대양을 제패하기 위하여 해역의 패권을 다투는 동시에 바닷속에 잠들어 있는 보물 &quot;패자의 증표&quot;를 찾아야 합니다. 전 세계에 퍼져있는 유적의 탐색, 보물 지도의 해독, 숨겨진 재화를 발견 등 다양한 이벤트가 당신의 항해를 더욱 드라마틱하게 만듭니다.','{\"KR\": 65000}',10,1,0,0,1,0,0,'{\"sub\": [\"https://cdn.akamai.steamstatic.com/steam/apps/1424800/ss_f7a1c8876d007c9fde23f04429547afe33210cae.600x338.jpg?t=1621485135\", \"https://cdn.akamai.steamstatic.com/steam/apps/1424800/ss_200e598ddf0a7274a21328f432bce7130c6e8efc.600x338.jpg?t=1621485135\", \"https://cdn.akamai.steamstatic.com/steam/apps/1424800/ss_ff22eed179b17ca4b7d9e745fbf950e11676ac96.600x338.jpg?t=1621485135\", \"https://cdn.akamai.steamstatic.com/steam/apps/1424800/ss_ac2159dad070f8611f07cdaec33874b3d96e1f51.600x338.jpg?t=1621485135\", \"https://cdn.akamai.steamstatic.com/steam/apps/1424800/ss_9d292c496cb7b181b98ed7dd66c9d6cf4d2fbcc8.600x338.jpg?t=1621485135\"], \"main\": \"https://cdn.akamai.steamstatic.com/steam/apps/1424800/header_koreana.jpg?t=1621485135\"}','{\"sub\": [], \"main\": \"https://cdn.akamai.steamstatic.com/steam/apps/256826570/movie480_vp9.webm?t=1616140853\"}','\"게임에 대해&#10;&quot;대항해시대&quot; 시리즈의 인기 타이틀 &quot;대항해시대IV&quot;가 HD로 등장!&#10;16세기 유럽의 &quot;대항해시대&quot;를 무대로 직접 모험가, 상인, 군인 등이 되어 동시대를 살아가던 많은 사람과 인간 드라마를 만들어나가는 해양 모험 시뮬레이션 RPG입니다.&#10;플레이어의 목표는 세계 7대양을 제패하는 것. 해역의 패권을 다투는 동시에 바닷속에 잠들어 있는 보물 &quot;패자의 증표&quot;를 찾아야 합니다.&#10;세계 전역에 퍼져있는 유적의 탐색, 보물 지도의 해독, 숨겨진 재화를 발견하는 등 다양한 이벤트가 당신의 항해를 더욱 드라마틱하게 만듭니다.&#10;항해를 시작하죠!\"','[KR]','[macOS]',NULL,NULL,NULL,'2022-02-20 05:27:01','2022-02-20 05:27:01',139946),(58,2,2,'Tennis Manager 2021','위대한 테니스 매니저가 될 각오 하셨나요? 아카데미에 들어가 팀을 관리하고, 토너먼트 일정을 잡고, 게임 플랜을 변경하고, 새로운 유망주들을 발굴하세요. 고삐를 잡고, 올바른 결정을 내리고, 최고의 자리에 오르세요!','{\"KR\": 66000}',30,1,0,0,1,0,0,'{\"sub\": [\"https://cdn.akamai.steamstatic.com/steam/apps/1433010/ss_8516056566230a7df2345233d2363eee6e55bae2.600x338.jpg?t=1635322600\", \"https://cdn.akamai.steamstatic.com/steam/apps/1433010/ss_d67d411abdb0751750043fc2f0681b08f6bf73d1.600x338.jpg?t=1635322600\", \"https://cdn.akamai.steamstatic.com/steam/apps/1433010/ss_d8034b7ddc2ad11a573fc8a7785fd06cf748a502.600x338.jpg?t=1635322600\", \"https://cdn.akamai.steamstatic.com/steam/apps/1433010/ss_8f2a8cddbeae3856ebaa0c0e484f3f17f7053313.600x338.jpg?t=1635322600\", \"https://cdn.akamai.steamstatic.com/steam/apps/1433010/ss_87bc69148176767e20b617e2efaaf69a18554190.600x338.jpg?t=1635322600\"], \"main\": \"https://cdn.akamai.steamstatic.com/steam/apps/1433010/header.jpg?t=1635322600\"}','{\"sub\": [], \"main\": \"https://cdn.akamai.steamstatic.com/steam/apps/256850520/movie480_vp9.webm?t=1631024283\"}','\"게임에 대해&#10;위대한 테니스 매니저가 되세요!&#10;&#10;테니스 아카데미의 부흥이 시작되었습니다. 수천 명의 유망한 선수에게 테니스 세계의 정상에 오를 기회를 제공하기 직전까지 발전했습니다.&#10;그러나, 해야 할 일이 아직 많습니다. 매니저인 여러분은 이 기회에 아카데미를 발전시키고 선수들을 최고로 만들어야 합니다. 지역 토너먼트부터 정상의 그랜드 슬램까지, 미래의 테니스 챔피언은 여러분 손에 달려 있습니다. 도전에 맞설 준비가 되셨나요?&#10;&#10;게임 플레이 특징&#10;&#10;Tennis World로&#10;2,000개가 넘는 토너먼트에 참가하는 테니스 투어를 떠나세요. 역동적인 Tennis World에서 현실적인 매니지먼트를 경험하세요. 주니어와 프로 서킷 출신인 5,000명 이상의 선수들은 새로운 매니저와 함께 성공으로 가는 길을 걷고 싶어 안달입니다.&#10;아카데미 성장&#10;마음에 드는 아카데미에 들어가거나, 처음부터 원하는 대로 아카데미를 만드세요. 테니스 코트나 의료 시설, 비즈니스 센터, 또는 나만의 테니스 학원까지, 이 모든 것으로 아카데미를 뛰어나고 세계적으로 유명하게 만들 수 있습니다. 비용은 많이 들지만, 아카데미의 인프라를 개선하면 더 많은 스태프를 고용하고, 사업 기회를 늘리고, 재능 있는 선수를 끌어모을 수 있습니다.&#10;재무 관리&#10;선수, 스태프, 투자자. 세상에는 돈도 너무 많고 멋진 사람도 너무 많습니다. 나만의 아카데미를 설립하든, 소규모 아카데미에 들어가든, 세계적인 유명 기관을 선택하든, 돈을 벌 기회가 많을 것입니다... 쓸 기회도요. 아카데미의 재무 상태를 감시하는 것도 여러분의 업무입니다. 이를 위해 여러 도구와 스태프를 이용할 수 있습니다.&#10;팀 조직&#10;각 선수는 고유한 장단점을 지니고 있으며, 영입하려면 또는 최고의 기량을 발휘하게 하려면 이를 고려해야 합니다. 수십 가지 지표에 따라 필드 내외에서 각 선수의 행동이 달라집니다. 플레이 스타일, 좋아하는 코트 표면, 체격, 성미, 신체 조건 등 모든 측면은 각 선수에게 고유한 특성을 줍니다. 매니저인 여러분은 선수를 제대로 이해하고 선수의 발전 과정을 추적하는 데 도움을 주는 분석 도구 모음을 받습니다.&#10;팀 관리&#10;여러분은 프로팀의 스케줄을 관리하면서, 플레이어를 원하는 방식으로 만들어 갈 것입니다. 나만의 훈련 루틴을 짜거나 스태프의 권장 사항을 따르세요. 각 선수가 사용하는 장비 브랜드를 관리하세요. 새로운 모습과 큰 소득 중에 무엇을 중시하실 건가요? 선택은 여러분의 몫입니다. Wilson, Lacoste, ASICS 등 여러 상징적 스포츠 브랜드와 2021 최신 컬렉션을 이용할 수 있습니다.&#10;격려와 인터뷰&#10;요령 좋은 분석가라면 좋은 매니저가 될 수 있습니다. 위대한 연설자라면 뛰어난 매니저가 될 수 있습니다. 결과를 내라고 쪼아대는 조직에서 시간을 좀 벌기 위해서든, 언론에 잘 보이기 위해서든, 일상 대화는 매니저의 생활입니다. 중요한 경기 전이나 2세트 중간에 여러분의 언변술로 선수를 격려하여 믿음을 주어야 합니다. 아니면 그냥 실력으로 보여주세요.&#10;실시간 선수 지도&#10;독특한 3D 매치 엔진과 3D 매치 스탯이 지도 능력을 줍니다. 미리 만들어진 게임 플랜을 선택하여 경기를 빠르게 시작하거나 모든 플레이 스타일 면에서 선수들을 꼼꼼하게 살피세요. 다운 더 라인으로 아니면 센터에서 쳐야 하나? 힘은 강하게 아니면 약하게? 적절하게 지도하면 여러분의 선수는 주목받으며 아카데미에 그랜드 슬램 트로피를 쌓아 올리기 시작할 것입니다!&#10;&#10;도전에 맞설 준비가 되셨나요?\"','[KR]','[Window,macOs]',NULL,NULL,NULL,'2022-02-20 05:27:24','2022-02-20 05:27:24',16320),(59,3,2,'난 물고기야','&#39;난 물고기야&#39;는 강제로 잡혀가 애완동물 가게 어항에 갇힌 용감한 물고기 친구 4마리가 등장하는 매력 넘치는 물리 기반 어드벤처 게임입니다. 헤엄치고, 날고, 구르고, 먹으며 바다를 향해 가서 자유를 되찾고 가족을 다시 만나세요.','{\"KR\": 3300}',40,1,0,0,1,0,0,'{\"sub\": [\"https://cdn.akamai.steamstatic.com/steam/apps/1472560/ss_448c5e50d0f663660dceb92279f0480b1a55806b.600x338.jpg?t=1643306394\", \"https://cdn.akamai.steamstatic.com/steam/apps/1472560/ss_30de2e5d50bcb4a0460f5ef6858019665b9bc8d9.600x338.jpg?t=1643306394\", \"https://cdn.akamai.steamstatic.com/steam/apps/1472560/ss_0480024d03a454dbd12178b35b5b10e8619c83e1.600x338.jpg?t=1643306394\", \"https://cdn.akamai.steamstatic.com/steam/apps/1472560/ss_1afa229bd43a56ddc114983fb6e2c824f1dd3c3d.600x338.jpg?t=1643306394\", \"https://cdn.akamai.steamstatic.com/steam/apps/1472560/ss_839c9b1028afb8226febb1e258260d3f92c7e125.600x338.jpg?t=1643306394\"], \"main\": \"https://cdn.akamai.steamstatic.com/steam/apps/1472560/header.jpg?t=1643306394\"}','{\"sub\": [], \"main\": \"https://cdn.akamai.steamstatic.com/steam/apps/256854603/movie480_vp9.webm?t=1633532608\"}','\"게임에 대해&#10;&#10;&#10;난 물고기야&#39;는 강제로 잡혀가 애완동물 가게 어항에 갇힌 용감한 물고기 친구 4마리가 등장하는 매력 넘치는 물리 기반 어드벤처 게임입니다. 게임을 진행하면서 헤엄치고, 날고, 구르고, 먹으며 머나먼 버나드샤이어(영국의 가장 작은 자치주)에서 바다까지 가서 자유를 되찾고 가족을 만나야 합니다.&#10;&#10;&#10;&#10;&#10;환상적인 물고기 친구들&#10;영웅 친구들을 만나보세요! 금붕어 - 밝고, 용감하고, 모험심 강하고, 헤엄을 잘 쳐요! 복어 - 조금 느리지만 착한 친구로, 공 모양으로 몸을 부풀려 육지에서도 구를 수 있어요. 피라냐 - 야성적이고, 혼란스럽고, 요란하고, 예상을 뛰어넘고, 무는 걸 좋아해요. 날치 - 냉정하게 보일 때도 있지만, 마음은 약해요. 하늘을 날 수도 있고요! 어떻게든 방법을 찾아내는 용감한 영웅 친구들은 가족을 만나기 위해 함께 노력을 다하게 됩니다!&#10;&#10;&#10;&#10;&#10;어렵지 않아요&#10;헤엄치고, 구르고, 활강하고, 물고, 팔딱대고, 몸을 부풀리고, 날고 물면서 장애물을 통과하세요. 조작법이 단순하고 직관적이 하더라도 물고기의 죽음에 죄책감을 느끼지는 마세요.&#10;&#10;&#10;&#10;&#10;틀을 벗어나 사고하기&#10;버나드샤이어의 풍류 넘치는 해안선과 시골 마을 풍경은 평온 그 자체로 보일지 몰라도, 우리 물고기 모험가들에게는 길 건너기, 옥상 지나기, 튀김기 모면하기, 성격 나쁜 야생 동물 피하기 등 다양한 위험이 도사리고 있습니다. 물론 어항 밖에선 숨을 못 쉬는 문제도 있죠.&#10;&#10;&#10;&#10;&#10;물고기 유기 금지&#10;친구들이 죽는다고 슬픔에 잠길 필요는 없지만, 물고기가 어항이나 물통에서 못 나오거나, 숨을 못 쉬거나, 결과적으로 팔딱거리게 되면 가장 최근 체크포인트로 되돌아갑니다.&#10;&#10;&#10;&#10;&#10;자유를 향해서&#10;우리 환상적인 친구들은 물병, 걸레 빠는 물통, 술잔(건배!)까지, 물이 있다면 어디라도 들어가야 해요. 물이 있는 곳에 가면 나름대로 독특한 장애물이 있겠지만 걱정하지 마세요. 분수, 수영장, 위험한 물질이 가득한 하수도 등 비교적 자유를 만끽할 수 있는 곳도 있으니까요. 그렇게 최종 목적지인 햇살 반짝이는 바다까지 가 보세요.&#10;&#10;&#10;&#10;&#10;고래 및 돌고래 보호 협회&#10;WDC는 고래와 돌고래를 보호하는 선도적인 범세계적 구호 단체입니다. 모든 고래와 돌고래가 안전하고 자유로운 세상을 만들기 위해 WDC는 포획과 포경을 멈추고, 고래가 그물에 걸려서 죽는 일을 막고, 건강한 바다를 만들고자 합니다. Steam에서의 &#39;난 물고기야&#39; 판매 금액 일부는 WDC에 기부됩니다.\"','[KR]','[macOS]',NULL,NULL,NULL,'2022-02-20 05:28:15','2022-02-20 05:28:15',134380),(60,7,4,'Watch_Dogs® 2','샌프란시스코에 오신 걸 환영합니다. 뛰어난 젊은 해커인 마르쿠스로 플레이해 악명 높은 해커 그룹인 DedSec에 합류하세요. 당신의 목표는 역사상 최대 해킹을 감행하는 것입니다.','{\"KR\": 64900}',20,1,0,0,1,0,0,'{\"sub\": [\"https://cdn.akamai.steamstatic.com/steam/apps/447040/ss_8071f719fea2d45baa805449ec550395db700118.600x338.jpg?t=1602605654\", \"https://cdn.akamai.steamstatic.com/steam/apps/447040/ss_b93d600b2a0372d6b5a5d191b46654ba489819d1.600x338.jpg?t=1602605654\", \"https://cdn.akamai.steamstatic.com/steam/apps/447040/ss_6eb9108a5ac2f33942d15ebf0801f0e69373d4f8.600x338.jpg?t=1602605654\", \"https://cdn.akamai.steamstatic.com/steam/apps/447040/ss_3466ea1a9e73594961b9f73fd560f379f7f49870.600x338.jpg?t=1602605654\", \"https://cdn.akamai.steamstatic.com/steam/apps/447040/ss_a3787b7673e663ef78a59397eaf6b50a61ef70ff.600x338.jpg?t=1602605654\"], \"main\": \"https://cdn.akamai.steamstatic.com/steam/apps/447040/header.jpg?t=1602605654\"}','{\"sub\": [], \"main\": \"https://cdn.akamai.steamstatic.com/steam/apps/256675152/movie480.webm?t=1479834207\"}','\"게임에 대해&#10;기술 혁명의 발생지 샌프란시스코에 오신 걸 환영합니다. 뛰어난 젊은 해커인 마르쿠스로 플레이해 악명 높은 해커 그룹인 DedSec에 합류하세요.&#10;악명 높은 해커 그룹인 Dedsec과 함께 역사상 최대 해킹을 감행해 대규모로 시민을 감시하고 조종하는 범죄 조직에서 사용하는 침해성 운영 시스템인 ctOS 2.0을 무너뜨리세요.&#10;&#10;&#10;수많은 게임 플레이가 가능한 역동적인 거대 오픈 월드와 만나보세요.&#10;&#10;연결된 모든 기기를 해킹해 도시의 기반 시설을 장악하세요.&#10;&#10;나만의 플레이 스타일에 맞게 다양한 기술을 개발하고 해킹 툴과 RC 카, Quadcopter 드론, 3D 프린트 무기 등을 업그레이드하세요.&#10;&#10;새로운 협동 플레이와 서로 대적하는 멀티 플레이 Watch Dogs에서 친구와 완벽한 연결을 구축하세요.&#10;&#10;&#10;눈으로 컨트롤하세요&#10;당신은 Marcus Holloway가 되어 ctOS 2.0을 폐쇄하는 임무를 수행하게 됩니다. 토비 아이 트래킹으로 비밀 무기를 사용해 부패한 샌프란시스코만 지역의 Blume Corp를 막으십시오.&#10;&#10;시선으로 “사물 인터넷&quot;을 무기화하고, 적을 조준하며, 더욱 자연스럽게 주변을 탐험하고 엄폐하십시오. 광범위한 시선 추적 기능으로 적이 숨기 전에 빠르게 위치를 파악하고, 주변과 소통하며 엄폐 장소를 확보하고, 해킹 가능한 목표를 빠르게 선택하십시오. 유해한 정보의 경제가 방해받는 곳에서 당신의 시선이 도시의 디지털 두뇌를 해킹하게 이끌어줄 것입니다.&#10;&#10;아이 트래킹 호환 기기: Tobii Eye Tracker 4C, Alienware 17 Notebook, Acer Predator Notebook 21 X, MSI GT72 Notebook, Acer Predator Monitors Z301CT, Z271T, XB271HUT\"','[KR]','[Window,macOs]',NULL,NULL,NULL,'2022-02-20 05:28:29','2022-02-20 05:28:29',167592),(61,5,1,'Euro Truck Simulator 2','Travel across Europe as king of the road, a trucker who delivers important cargo across impressive distances! With dozens of cities to explore, your endurance, skill and speed will all be pushed to their limits.','{\"KR\": 23500}',50,1,0,0,1,0,0,'{\"sub\": [\"https://cdn.akamai.steamstatic.com/steam/apps/227300/ss_b70d5295ecc738dc2279797ec8351ac0fdf139f4.600x338.jpg?t=1642790154\", \"https://cdn.akamai.steamstatic.com/steam/apps/227300/ss_2082e17ee1dad2004c48e689a005f8f684f5b645.600x338.jpg?t=1642790154\", \"https://cdn.akamai.steamstatic.com/steam/apps/227300/ss_68aea6cce2261f8cdd52fe39bc1fceddc783ed69.600x338.jpg?t=1642790154\", \"https://cdn.akamai.steamstatic.com/steam/apps/227300/ss_cf79030615e1188ed7e31f36c6b4dcf8b5cf4512.600x338.jpg?t=1642790154\", \"https://cdn.akamai.steamstatic.com/steam/apps/227300/ss_ec04158ea75cfac3ea2703d00ab06cd8dfd4416a.600x338.jpg?t=1642790154\"], \"main\": \"https://cdn.akamai.steamstatic.com/steam/apps/227300/header.jpg?t=1642790154\"}','{\"sub\": [], \"main\": \"https://cdn.akamai.steamstatic.com/steam/apps/256843094/movie480_vp9.webm?t=1626371404\"}','\"게임에 대해&#10;&#10;&#10;도로의 왕인 트럭 기사로서 유럽을 여행하며 놀라울 정도의 거리를 주행하여 중요한 화물을 전달하십시오! 영국, 벨기에, 독일, 이탈리아, 네덜랜드, 폴란드 등 탐험하게 될 도시들에서 당신의 인내심과 기술 그리고 속도 모두 한계까지 밀여붙여질 것입니다. 고수 트럭 기사의 반열에 들 자신이 있다면 직접 증명해 보십시오!&#10;주요 특징:&#10;다양한 화물을 60개가 넘는 유럽의 도시들에 운송하십시오.&#10;&#10;당신의 운송이 끝날 때에도 성장하는 자신만의 사업을 시작하십시오.&#10;&#10;자신만의 트럭 부대를 만들어 차고를 구매하고 기사들을 고용하여 당신의 회사가 최고의 이익을 내도록 관리하십시오.&#10;&#10;성능부터 외관까지 수많은 트럭 튜닝 옵션이 있습니다.&#10;&#10;트럭들에 추가적인 경광등, 배기관, 사이렌, 경적 등을 장착하여 개조하십시오.&#10;&#10;유명한 역사적 구조물 등 수천 마일에 달하는 실제적인 도로 네트워크.\"','[KR]','[Window]',NULL,NULL,NULL,'2022-02-20 05:49:28','2022-02-20 05:49:28',8363),(62,6,3,'Cities: Skylines','Cities: Skylines is a modern take on the classic city simulation. The game introduces new game play elements to realize the thrill and hardships of creating and maintaining a real city whilst expanding on some well-established tropes of the city building experience.','{\"KR\": 32000}',50,1,0,0,1,0,0,'{\"sub\": [\"https://cdn.akamai.steamstatic.com/steam/apps/255710/ss_0ff5efa28d8c6761ee2e9c57412ca3bd9e133fed.600x338.jpg?t=1643288114\", \"https://cdn.akamai.steamstatic.com/steam/apps/255710/ss_7d1f130bebd09e1f8457110d7ebae6eff9f25612.600x338.jpg?t=1643288114\", \"https://cdn.akamai.steamstatic.com/steam/apps/255710/ss_e90299bea1faee761c11c5242c4e6e89f3ef7fb9.600x338.jpg?t=1643288114\", \"https://cdn.akamai.steamstatic.com/steam/apps/255710/ss_7d54fe076aabfd4fbe465517a4f1a4426e9cb367.600x338.jpg?t=1643288114\", \"https://cdn.akamai.steamstatic.com/steam/apps/255710/ss_79130723c29cdd89f6169514bc4aad03aa58e823.600x338.jpg?t=1643288114\"], \"main\": \"https://cdn.akamai.steamstatic.com/steam/apps/255710/header.jpg?t=1643288114\"}','{\"sub\": [], \"main\": \"https://cdn.akamai.steamstatic.com/steam/apps/256785384/movie480_vp9.webm?t=1589550020\"}','\"게임에 대해&#10;Cities: Skylines is a modern take on the classic city simulation. The game introduces new game play elements to realize the thrill and hardships of creating and maintaining a real city whilst expanding on some well-established tropes of the city building experience. You’re only limited by your imagination, so take control and reach for the sky!&#10;&#10;&#10;&#10;Multi-tiered and challenging simulation&#10;Constructing your city from the ground up is easy to learn, but hard to master. Playing as the mayor of your city you’ll be faced with balancing essential requirements such as education, water electricity, police, fire fighting, healthcare and much more along with your citys real economy system. Citizens within your city react fluidly, with gravitas and with an air of authenticity to a multitude of game play scenarios.&#10;&#10;&#10;Extensive local traffic simulation&#10;Colossal Order&#39;s extensive experience developing the Cities in Motion series is fully utilized in a fully fleshed out and well-crafted local traffic simulation.&#10;&#10;&#10;Districts and Policies&#10;Be more than just an administrator from city hall. Designating parts of your city as a district results in the application of policies which results in you rising to the status of Mayor for your own city.&#10;&#10;&#10;Utilize the Day and Night Cycle&#10;The city changes during the hours of the day and affects citizen schedules. Traffic is visibly slower at night and some zoned areas do not work with full efficiency. Cities: Skylines will put you in control of managing the different aspects of the day and night cycles.&#10;Extensive modding support&#10;Build or improve on existing maps and structures. You can then import your creations into the game, share them as well as download the creations of other city builders on the Steam workshop.\"','[KR]','[macOS]',NULL,NULL,NULL,'2022-02-20 05:49:57','2022-02-20 06:53:15',125613),(63,3,1,'Sid Meier’s Civilization® VI','문명 VI 에서는 새로운 방식으로 세상과 소통하고, 제국의 영토를 확장시키며, 문화를 발전시키고, 역사속 위대한 지도자들에 맞서 오래도록 지속될 나만의 문명을 건설해볼 수 있습니다. 클레오파트라를 비롯한 20명의 역사 속 지도자들 중 한명으로 플레이 해보세요. ','{\"KR\": 65000}',0,1,0,0,1,0,0,'{\"sub\": [\"https://cdn.akamai.steamstatic.com/steam/apps/289070/ss_36c63ebeb006b246cb740fdafeb41bb20e3b330d.600x338.jpg?t=1643315625\", \"https://cdn.akamai.steamstatic.com/steam/apps/289070/ss_cf53258cb8c4d283e52cf8dce3edf8656f83adc6.600x338.jpg?t=1643315625\", \"https://cdn.akamai.steamstatic.com/steam/apps/289070/ss_f501156a69223131ee8b12452f3003698334e964.600x338.jpg?t=1643315625\", \"https://cdn.akamai.steamstatic.com/steam/apps/289070/ss_2be9153a2633e671c283e2dbcec64e2e4543f66f.600x338.jpg?t=1643315625\", \"https://cdn.akamai.steamstatic.com/steam/apps/289070/ss_a4b07a0fbdd09e35b5ec3a4726239b884f1f1f7d.600x338.jpg?t=1643315625\"], \"main\": \"https://cdn.akamai.steamstatic.com/steam/apps/289070/header_koreana.jpg?t=1643315625\"}','{\"sub\": [], \"main\": \"https://cdn.akamai.steamstatic.com/steam/apps/256672703/movie480.webm?t=1476737110\"}','\"게임에 대해&#10;전설적인 게임 디자이너 시드 마이어가 개발한 문명 시리즈는 오랜 역사를 버틸 수 있는 제국을 건설하는 턴제 전략게임입니다. 석기 시대부터 정보화 시대에 걸쳐 세계를 주름잡는 문명의 지배자가 되십시오. 전쟁을 일으키고, 외교관계를 조율하며, 문명을 꽃피우고 역사적인 지도자들과 겨루며 세계사에 길이 남을 위대한 문명을 건설하십시오.&#10;&#10;문명 6은 당신의 세계에 새로운 방식으로 접근할 수 있게 해줍니다. 도시들은 이제 지도상에서 물리적으로 확장하며, 기술 및 문화의 발달이 새로운 능력을 가져오고, 당신이 5가지 승리방식을 두고 싸우는 동안 다른 지도자들은 역사적인 기록에 근거하여 자신만의 목적을 갖고 경쟁에 임하게 됩니다.&#10;&#10;&#10;제국 건설&#10;당신의 제국이 이전과 다른 모습으로 지도에 펼쳐집니다. 개별 도시들은 여러 개의 타일에 걸쳐 건설되므로 지형지물을 이용하여 도시의 개성을 추구할 수 있습니다.&#10;&#10;적극적인 연구&#10;당신의 문명이 역사 속에서 더 빨리 발전할 수 있도록 부스트를 연구하십시오. 속도를 높이려면 유닛을 사용해서 적극적으로 탐험하고, 주변 환경을 개발하며, 새로운 문명을 발견하십시오.&#10;&#10;역동적인 외교&#10;다른 문명과의 상호작용이 시간에 따라 변화합니다. 최초의 원시적이고 호전적인 접촉은 후반에 연합과 협상으로 이어집니다.&#10;&#10;군대 조합&#10;&quot;&quot;한 타일당 한 유닛&quot;&quot;에서 나아가 이제 지원 유닛들을 다른 유닛에 붙일 수 있습니다. 예를 들어 대전차 지원 유닛을 보병에게, 혹은 개척민들에게 전사를 붙일 수 있습니다. 유사한 유닛들을 통합하여 강력한 &quot;&quot;군단&quot;&quot; 유닛을 만들 수도 있습니다.&#10;&#10;강화된 멀티플레이어&#10;전통적인 멀티플레이 모드에 더하여, 당신의 친구들과 단일 세션에서 금방 끝낼 수 있도록 설계된 다양한 상황에서 협동 및 경쟁하십시오.&#10;&#10;모든 플레이어를 위한 문명&#10;문명 6은 베테랑 플레이어들에게 자신의 문명을 새로운 방식으로 강화하고 조정할 수 있게 해주며, 새로운 튜토리얼 시스템은 새로운 플레이어들에게 핵심 개념을 쉽게 익힐 수 있도록 해줍니다.\"','[KR]','[macOS]',NULL,NULL,NULL,'2022-02-20 05:50:32','2022-02-20 05:50:32',46639),(64,2,3,'The Sims™ 4','아무런 제약 없는 가상 세계에서 심들을 창조하고 지배하는 전능한 힘을 즐기세요. 강력한 권력을 휘두르며 자유롭고 재미있게 인생을 플레이하세요!','{\"KR\": 20500}',40,1,0,0,1,0,0,'{\"sub\": [\"https://cdn.akamai.steamstatic.com/steam/apps/1222670/ss_537683e5e29c2d6d02c64aa7321dcb26166f7d82.600x338.jpg?t=1644336035\", \"https://cdn.akamai.steamstatic.com/steam/apps/1222670/ss_2fc938d99a1e87893852cb2d2113478190607941.600x338.jpg?t=1644336035\", \"https://cdn.akamai.steamstatic.com/steam/apps/1222670/ss_b447d6436d2d00cd5e7c170e509b2246dfc879e8.600x338.jpg?t=1644336035\", \"https://cdn.akamai.steamstatic.com/steam/apps/1222670/ss_e1f0ce3ca2c9a538e382cc8b040944fe05af4bb2.600x338.jpg?t=1644336035\", \"https://cdn.akamai.steamstatic.com/steam/apps/1222670/ss_7d9baea1aedeeb41cb197a9e45a30f0b91b4baf9.600x338.jpg?t=1644336035\"], \"main\": \"https://cdn.akamai.steamstatic.com/steam/apps/1222670/header.jpg?t=1644336035\"}','{\"sub\": [], \"main\": \"https://cdn.akamai.steamstatic.com/steam/apps/256872523/movie480_vp9.webm?t=1644336023\"}','\"게임에 대해&#10;상상력을 한껏 발휘하여 나를 표현하는 나만의 심즈 세계를 창조하세요! 심들부터 건물에 이르기까지 모든 부분을 살펴보고 취향에 맞게 꾸미세요. 심들의 외모, 행동, 의상을 선택하고, 그들이 날마다 어떻게 살아갈지 결정하세요.&#10;&#10;가족을 위해 완벽한 집을 설계해서 건설하고 좋아하는 가구와 장식물을 채워 넣으세요. 다른 동네로 가서 다른 심들을 만나고 그들의 삶에 대해서 알아보세요.&#10;&#10;독특한 환경을 자랑하는 아름다운 마을들을 발견하며 자연스러운 모험을 계속하세요. 심들의 일상에서 겪는 부침을 관리하고, 현실적으로 또는 공상적으로 플레이할 때 어떤 일이 일어나는지 알아보세요! 관계를 구축하고 쌓고 커리어를 쌓고 인생의 야망을 추구하며 이 놀라운 게임에 완전히 몰입하여 나만의 방식으로 이야기를 풀어나가세요. 가능성은 무한합니다. 인생을 플레이하세요!&#10;&#10;&#10;개성적인 심을 창조하기 – 다양한 심을 만들어 풍부한 개성, 역동적인 성격, 영감을 자극하는 야망을 부여해 보세요. 강력한 커스터마이즈 기능을 이용하여 상상에 생기를 불어넣으세요. 자기 캐릭터를 만들거나, 좋아하는 스타, 이상형, 또는 친구를 만들어 보세요! 내 기분을 반영하도록 심들의 옷을 갈아입히세요. 기발한 특성과 멋진 야망으로 심들의 인생에 의미와 깊이를 부여하세요.꿈의 집 건설하기 – 건축 모드를 이용해 꿈에 그리던 집을 설계하세요. 평면도를 그리고 조경과 지형을 바꾸며 꿈에 그리는 완벽한 집을 건설하세요. 심지어 수영장, 지하실, 정원을 추가할 수도 있습니다. 지금까지 지은 집이 마음에 들지 않습니까? 밀어버리고 새로운 아이디어와 설계로 간단히 다시 지을 수 있습니다!활기찬 마을 탐사하기 – 심들은 새로운 방문하여 교류 범위를 넓히거나 친구들과 어울려 놀거나 잊지 못할 파티를 열 수도 있습니다.인생을 플레이하기 - 내 선택에 따라 신생아, 유아, 어른에 이르기까지 인생의 모든 단계가 달라집니다. 심들의 기술을 발달시키고 취미를 계발하고 모험을 즐기며 새로운 가족을 꾸리도록 도와주세요. 그 외에 인생의 수많은 선택이 기다립니다!새로운 콘텐츠 추가하기 – 갤러리를 통해 팬들의 네트워크에서 영감을 얻으세요. 커뮤니티의 팬이 제작한 콘텐츠를 게임에 내려받거나 내가 만든 작품을 공유할 수도 있습니다. 마음에 드는 심, 건물, 완성형 방을 다운로드하거나 좋아요를 누르거나 코멘트를 남기세요. 커뮤니티의 일원이 되세요! 즐거움에 동참하세요!\"','[KR]','[macOS]',NULL,NULL,NULL,'2022-02-20 05:51:07','2022-02-20 05:51:07',35534),(65,7,1,'Thief Simulator','Become the best thief. Gather intel, steal things and sell them to buy hi-tech equipment. Do everything that a real thief does.','{\"KR\": 46500}',30,1,0,0,1,0,0,'{\"sub\": [\"https://cdn.akamai.steamstatic.com/steam/apps/704850/ss_9e1561664616cc8ca9c7cec407ad846633e6d976.600x338.jpg?t=1645183275\", \"https://cdn.akamai.steamstatic.com/steam/apps/704850/ss_c0662c6cdb37d108632ebb54b12265bbfa750283.600x338.jpg?t=1645183275\", \"https://cdn.akamai.steamstatic.com/steam/apps/704850/ss_6cb1a78d8bd397e6327263007958472d64effebf.600x338.jpg?t=1645183275\", \"https://cdn.akamai.steamstatic.com/steam/apps/704850/ss_760115554fd9377e5861a9f467bfeb12bc0a12fb.600x338.jpg?t=1645183275\", \"https://cdn.akamai.steamstatic.com/steam/apps/704850/ss_18dc75e486d5ce58eeb1a57c0b62925a23ab055a.600x338.jpg?t=1645183275\"], \"main\": \"https://cdn.akamai.steamstatic.com/steam/apps/704850/header.jpg?t=1645183275\"}','{\"sub\": [], \"main\": \"https://cdn.akamai.steamstatic.com/steam/apps/256733899/movie480.webm?t=1541003543\"}','\"게임에 대해&#10;&#10;&#10;Thief Simulator&#10;Become the real thief. Steal in free roam sandbox neighborhoods. Observe your target and gather information that will help you with the burglary. Take the challenge and rob the best secured houses. Buy some hi-tech burglar equipment and learn new thief tricks. Sell stolen goods to the passers. Do anything that a real thief does!&#10;&#10;&#10;A good thief always observes his target. What&#39;s inside? Who lives there? What&#39;s your target day schedule? Find out when the house is empty and does it have nosy neighbours. Choose from lots of possible approaches to prepare the best plan. Many modern devices available in Thief Simulator might come in handy with gathering intel about your target and it&#39;s neighbourhood.&#10;&#10;&#10;The faster, the better. Find and steal as many valuables as possible in the shortest time possible. Remember that infinite backpacks don&#39;t exist. When it&#39;s about time you have to maintain cold blood. In every house you&#39;ll find tons of useless stuff, which can really slow you down. If you&#39;re not sure that you can take some serious money for it, maybe a good idea would be to leave it behind and save space for some expensive goods. If you fill your backpack with worthless items, you may have to waste your time to throw stuff out just to make space for other things. Be careful, cause some things can draw police attention to you!&#10;&#10;&#10;A real, experienced thief can spot places where there&#39;s most probability of finding some valuables on the fly. Use the flashlight at night to highlight all the valuables in sight and places where you can expect them to be.&#10;&#10;&#10;Disassemble a stolen car and sell parts on the internet. Prepare phones and tablets before selling them in a pawn shop by removing their security.&#10;&#10;&#10;Look around for any useful items. They will save you some time on lockpicking or hacking. Key near a window or purchase receipts in trash bins. All those things can make life of an aspiring thief so much easier and reduce your burglary time even by a half. Of course many of them are just useless trash... Or maybe they aren&#39;t?&#10;&#10;&#10;Be careful! In some houses you can meet unexpected guests. If they catch you in the act, they will call the police. In this case hide and wait till they stop looking for you or you can always leave the loot and run away as fast as possible.&#10;Check out more great games published by PlayWay:&#10;&#10;&#10;\"','[KR]','[Window,macOs]',NULL,NULL,NULL,'2022-02-20 05:52:30','2022-02-20 05:52:30',183446),(66,7,3,'Spaceflight Simulator','In Spaceflight Simulator, you will get to build your rockets, plan launches and flights, attempt landings, deploy payloads and explore new worlds.','{\"KR\": 60000}',10,1,0,0,1,0,0,'{\"sub\": [\"https://cdn.akamai.steamstatic.com/steam/apps/1718870/ss_e7aeed0ec9bf02779d04f433419919ffae0624fc.600x338.jpg?t=1645163669\", \"https://cdn.akamai.steamstatic.com/steam/apps/1718870/ss_bceccde9fe0ddea6039977a119c26dc17f8e94c0.600x338.jpg?t=1645163669\", \"https://cdn.akamai.steamstatic.com/steam/apps/1718870/ss_d1e9509784420f580e2b368872a19f7bd9ae9db8.600x338.jpg?t=1645163669\", \"https://cdn.akamai.steamstatic.com/steam/apps/1718870/ss_b90d9169715ddd321cbdd90e589c72a776361a81.600x338.jpg?t=1645163669\", \"https://cdn.akamai.steamstatic.com/steam/apps/1718870/ss_145a69fa92917649dd5feacf5301b4f7077ebef4.600x338.jpg?t=1645163669\"], \"main\": \"https://cdn.akamai.steamstatic.com/steam/apps/1718870/header.jpg?t=1645163669\"}','{\"sub\": [], \"main\": \"https://cdn.akamai.steamstatic.com/steam/apps/256854630/movie480_vp9.webm?t=1634045172\"}','\"게임에 대해&#10;EXPLORE SPACE&#10;&#10;Be in command of your own space program, from rocket design to interplanetary travel and achieve your dream of cruising through the cosmos in your custom spacecraft.&#10;&#10;In Spaceflight Simulator, you will get to engineer your rockets, plan launches and flights, attempt landings, deploy payloads and explore new worlds.&#10;&#10;&#10;&#10;EASY-TO-PICK UP, HARD-TO-MASTER&#10;&#10;You could be launching your first rocket within minutes, but landing it in one piece might be another story!&#10;&#10;With so many parts to pick from, you will learn through trial and error how to build spacecrafts best adapted to each of your missions. You will have to master navigating through the Solar system and landing your vehicle on all the planets and moons, each with their own atmospheric and terrain conditions.&#10;&#10;REAL-WORD PHYSICS&#10;&#10;During the design phase, you will get to assemble your own launch vehicle from a wide variety of components and pair them with a multitude of engines, all modeled after their real-world counterparts. Each part possesses its own technical specifications (mass, aerodynamics, etc.) which will affect your rocket&#39;s behavior.&#10;&#10;All engines accurately model thrust and fuel consumption affecting how much payload you&#39;ll be able to carry safely. You&#39;ll be able to create multistage vehicles, control how they separate and when secondary burn occurs in order to achieve the optimal trajectory.&#10;&#10;BUILD YOUR WORLD&#10;&#10;Fuel your ambitions, launch satellites, build exploration rovers, space stations, multiple rockets into space. Your world is persistent and only your imagination is your limit.&#10;&#10;Conquer the harsh conditions of the Solar system, travel long distances and build your presence in space throughout multiple missions.&#10;&#10;PARTS, PARTS, PARTS&#10;&#10;Each part is highly detailed and serves a particular purpose. They are all based on their real-world equivalent and allow you to recreate your favorite historical rocket.&#10;&#10;● Fuel tanks (20 sizes and configurations)&#10;● Engines and thrusters (6 propulsion systems and a reaction control system)&#10;● Aerodynamics (13 fairings with many nose and side cones)&#10;● Capsules, probes, payload systems, separators and docking ports&#10;● Landing systems (legs, parachutes, wheels)&#10;● Utilities (solar panels, batteries, electrical, structural)&#10;● Skins (to personalize your rocket)&#10;&#10;&#10;&#10;WHAT TO EXPLORE&#10;&#10;Each destination is modeled accurately in terms of gravity pull and atmospheric conditions, offering a challenging landing experience every time.&#10;&#10;● Earth, your starting point&#10;● The Moon, Earth&#39;s celestial companion&#10;● Mercury, the smallest planet of our solar system and the closest to the Sun&#10;● Venus, Earth&#39;s inside neighbour with an extremely dense and hot atmosphere&#10;● Mars, the red planet with a thin atmosphere&#10;● Phobos, Mars&#39; inner moon, with rough terrain and low gravity&#10;● Deimos, Mars&#39; outer moon, with an extremely low gravity and a smooth surface&#10;● Jupiter, the gas giant with its thick atmosphere&#10;● Io, Europa, Ganymede, and Callisto. Each with their how terrain and landing difficulty\"','[KR]','[Window,macOs]',NULL,NULL,NULL,'2022-02-20 07:37:51','2022-02-20 07:37:51',59335),(67,2,3,'The Forest','As the lone survivor of a passenger jet crash, you find yourself in a mysterious forest battling to stay alive against a society of cannibalistic mutants. Build, explore, survive in this terrifying first person survival horror simulator.','{\"KR\": 20500}',0,1,0,0,1,0,0,'{\"sub\": [\"https://cdn.akamai.steamstatic.com/steam/apps/242760/ss_8ccb821c4df3fafdf4161d77f38635441a8157f2.600x338.jpg?t=1590522045\", \"https://cdn.akamai.steamstatic.com/steam/apps/242760/ss_53c615d49c4777144ed7359e4bf7c9eb6838cc8e.600x338.jpg?t=1590522045\", \"https://cdn.akamai.steamstatic.com/steam/apps/242760/ss_772eebf0ce7bdb51546055a36185e8ee46e8acac.600x338.jpg?t=1590522045\", \"https://cdn.akamai.steamstatic.com/steam/apps/242760/ss_d03a261fecab226a0ecac5746225c2a50d65c670.600x338.jpg?t=1590522045\", \"https://cdn.akamai.steamstatic.com/steam/apps/242760/ss_d77d402c78451a04b5c370e81ff7767c4008343c.600x338.jpg?t=1590522045\"], \"main\": \"https://cdn.akamai.steamstatic.com/steam/apps/242760/header.jpg?t=1590522045\"}','{\"sub\": [], \"main\": \"https://cdn.akamai.steamstatic.com/steam/apps/256715589/movie480.webm?t=1525039057\"}','\"게임에 대해&#10;As the lone survivor of a passenger jet crash, you find yourself in a mysterious forest battling to stay alive against a society of cannibalistic mutants.&#10;&#10;Build, explore, survive in this terrifying first person survival horror simulator.&#10;Key features&#10;Enter a living, breathing world, where every tree and plant can be chopped down. Below ground explore a vast network of caves and underground lakes.&#10;&#10;&#10;Chop down trees to build a camp, or start a fire to keep warm. Scavenge food to keep yourself from starving.&#10;&#10;Build a small shelter or a large ocean side fortress. Lay traps and defences to keep a safe perimeter.&#10;&#10;Explore and build during the day. Defend your base at night. Craft weapons and tools. Bunker down during the evening or bring the fight directly to the enemy.&#10;&#10;Defend yourself against a clan of genetic mutant enemies that have beliefs, families, morals and that appear almost human.&#10;&#10;Use stealth to evade enemies, or engage them directly with crude weapons built from sticks and stones.\"','[KR]','[Window,macOs]',NULL,NULL,NULL,'2022-02-20 07:38:31','2022-02-20 07:40:38',18130),(68,7,3,'RimWorld','지능형 AI 스토리텔러를 통한 공상과학 콜로니 심입니다. 심리학, 생태학, 총격전, 난투극, 기후, 생물, 외교, 대인관계, 예술, 의학, 무역 등을 모사하여 이야기를 생성합니다.','{\"KR\": 65000}',10,1,0,0,1,0,0,'{\"sub\": [\"https://cdn.akamai.steamstatic.com/steam/apps/294100/ss_371726c10a1b640dbf748fa62a500d911ac62427.600x338.jpg?t=1643670325\", \"https://cdn.akamai.steamstatic.com/steam/apps/294100/ss_c34c6c04b002454d8fee32ba52dca99c9cf1d76b.600x338.jpg?t=1643670325\", \"https://cdn.akamai.steamstatic.com/steam/apps/294100/ss_6bee92494e0c4dc53ad69000f2b71128c23629d6.600x338.jpg?t=1643670325\", \"https://cdn.akamai.steamstatic.com/steam/apps/294100/ss_3038f36d2a1da63ddf29f16a48ee27254ab9b53d.600x338.jpg?t=1643670325\", \"https://cdn.akamai.steamstatic.com/steam/apps/294100/ss_9c195af4d3b80edcd01e4836be605a04b24657c2.600x338.jpg?t=1643670325\"], \"main\": \"https://cdn.akamai.steamstatic.com/steam/apps/294100/header.jpg?t=1643670325\"}','{\"sub\": [], \"main\": \"https://cdn.akamai.steamstatic.com/steam/apps/256731486/movie480.webm?t=1539788136\"}','\"게임에 대해&#10;림월드는 지능형 AI 스토리텔러가 주도하는 공상과학 콜로니 심입니다. Dwarf Fortress, Firefly, 그리고 Dune에서 영감을 받았습니다.&#10;&#10;먼 세상에서 난파선의 생존자 3명과 함께 시작합니다.&#10;&#10;식민지 개척자들의 기분, 욕구, 상처, 질병, 중독을 관리합니다.&#10;&#10;숲, 사막, 정글, 툰드라 등에 지으세요.&#10;&#10;식민지 개척자들이 가족, 연인, 배우자와의 관계를 발전시키고 끊는 것을 지켜보세요.&#10;&#10;부상당한 팔다리와 장기를 보철물, 생체 공학 또는 다른 사람에게서 채취한 생물학적 부분으로 교체합니다.&#10;&#10;해적들, 부족들, 미친 동물들, 거대한 곤충들, 그리고 고대 살인 기계들과 싸웁니다.&#10;&#10;금속, 나무, 돌, 천, 그리고 미래의 재료로 만든 구조, 무기, 의복을 만들 수 있습니다.&#10;&#10;귀여운 애완동물, 생산적인 농장 동물, 치명적인 공격용 동물을 길들이고 훈련시킵니다.&#10;&#10;지나가는 배와 캐러밴과 거래하세요.&#10;&#10;캐러밴을 형성하여 퀘스트를 완료하거나, 거래를 하거나, 다른 파벌을 공격하거나, 식민지를 통째로 이주시키세요.&#10;&#10;눈, 날씨 폭풍, 그리고 화재에 맞서세요.&#10;&#10;난민이나 죄수들을 잡아다가 당신 편으로 돌리거나 노예로 팔아넘기세요.&#10;&#10;게임을 시작할 때 마다 새롭게 만들어진 세계를 탐색합니다.&#10;&#10;스팀 워크샵에서 수백 가지 야생적이고 흥미로운 모형을 살펴봅니다.&#10;&#10;지능적이고 게임 진행에 방해되지 않는 AI 투터를 통해 게임을 배우세요.&#10;&#10;림월드는 스토리를 만듭니다. 수감된 해적, 절망적인 식민지 개척자, 기아와 생존에 관한 비극적이고 왜곡되고 의기양양한 이야기를 포함합니다. 삶에서 일어나는 다양하고 랜덤한 이벤트들을 제시합니다. 모든 뇌우, 해적 습격, 그리고 여행 판매원은 AI 스토리텔러가 당신의 이야기에 넣은 것입니다. 선택할 수 있는 스토리텔러가 몇 명 있습니다. 랜디 랜덤은 미친 짓을 하고, 카산드라 클래식은 긴장 고조를, 피비 칠랙스는 긴장을 푸는 것을 좋아합니다.&#10;&#10;식민지 개척자들 숙달된 정착민이 아닙니다 – 궤도에서 파괴된 여객선에서 추락한 생존자들입니다 귀공자, 회계사, 주부가 될 수 있습니다. 당신은 그들을 전투에 끌어들여 당신 편으로 돌리게 하고 노예상인으로부터 그들을 사거나 난민을 받아들이면 더 많은 식민지 주민들을 얻을 수 있을 것입니다. 당신의 식민지는 항상 다양한 사람들로 구성되있을 겁니다.&#10;&#10;각 사용자의 배경이 추적되고 게임 방식에 영향을 미칩니다. 귀족은 사교술에 뛰어날 것이지만(포로를 되찾고, 무역 가격을 흥정하는 것) 육체적인 일은 하지 않으려 합니다. 농장의 멍청이들은 오랜 경험으로 식량을 재배하는 방법을 알고 있지만, 연구를 할 수는 없습니다. 엉터리 과학자는 연구에는 뛰어나지만 사회적 일은 전혀 할 수 없습니다. 유전자 조작으로 만들어진 암살자는 죽이는 것 외에는 아무 것도 할 수 없지만 그는 그것을 아주 잘 합니다.&#10;&#10;식민지 개척자들은 대인관계를 형성하고 끊습니다. 각자는 다른 사람들에 대한 의견을 가지고 있는데, 이것은 그들이 연인이 될 것인지, 결혼할지, 바람피울지, 아니면 싸울지를 결정합니다. 두 명의 가장 훌륭한 식민지 개척자들은 행복한 결혼생활을 하고 있을 수도 있죠. 그들 중 한 명이 총상으로부터 그녀를 구해준 그 멋진 외과의사에게 넘어가기 전까지는요.&#10;&#10;게임은 극에서 적도까지 하나의 행성을 만들어 냅니다. 추운 북쪽 툰드라, 바싹 마른 사막, 온대 숲, 아니면 김이 나는 적도 정글 중 어디에 추락선을 착륙시킬지 선택할 수 있습니다. 지역마다 동물, 식물, 질병, 온도, 강우, 광물 자원, 지형이 다릅니다. 질병이 들끓고 숨이 막히는 정글에서 살아남는 이러한 도전은 메마른 사막의 황무지나 두 달 동안의 성장 시기가 있는 얼어붙은 툰드라에서 살아남는 것과는 매우 다릅니다.&#10;&#10;행성을 가로질러 여행하세요.. 당신은 한 곳에 갇혀 있지 않아요. 당신은 사람, 동물, 그리고 죄수로 이루어진 카라반을 형성할 수 있습니다. 해적 전초기지에서 납치된 전 우방들을 구출하고, 평화회담에 참석하며, 다른 파벌들과 교역을 하고, 적의 식민지를 공격하고, 다른 퀘스트를 완수합니다. 심지어 전체 식민지를 포장하고 새로운 장소로 옮길 수도 있습니다. 로켓으로 움직이는 운송 장치를 사용하여 더 빨리 여행할 수 있습니다.&#10;&#10;동물들을 길들이고 가르칠 수 있습니다. 사랑스러운 애완동물들은 슬픈 식민지 주민들을 격려할 것입니다. 농장 동물들을 사용하여 일하고, 젖을 짜고, 껍질을 벗길 수 있습니다. 짐승은 적에게 풀어줄 수 있습니다. 많은 동물들이 있습니다 - 고양이, 래브라도 리트리버, 회색곰, 낙타, 쿠거, 친칠라, 닭 그리고 이국적인 외계 생명체.&#10;&#10;림월드 사람들은 주어진 순간에 어떻게 느낄지 결정하기 위해 끊임없이 그들의 상황과 주변 환경을 관찰합니다. 그들은 배고픔와 피로함, 죽음을 보는 것, 무례하게 묻혀지지 않은 시체, 상처를 입는 것, 어둠 속 혼자 남겨지는 것, 좁은 환경에 밀어넣어 지는 것, 밖에서 자거나 한 방에서 다른 사람들과 자는 것, 그리고 그 외 많고 다양한 상황들에 반응합니다. 너무 많은 스트레스를 받으면 폭언을 퍼붓거나 감정적일 수 있습니다.&#10;&#10;상처, 감염, 보철, 만성 질환이 신체 부위별로 추적되어 캐릭터의 능력에 영향을 미칩니다.. 눈 부상은 총을 쏘거나 수술을 하는 것을 어렵게 만듭니다. 다리가 부러지면 걷는 속도가 느려집니다. 손, 뇌, 입, 심장, 간, 신장, 위, 발, 손가락, 발가락, 그리고 더 많은 것들을 부상당 하거나, 병들거나, 실종될 수 있고, 모두 논리적인 게임 내 효과를 가지고 있습니다. 그리고 다른 종들은 그들만의 몸의 레이아웃을 가지고 있습니다. 사슴의 다리를 하나 자르면, 다른 세 다리를 가지고 여전히 비틀거릴 수 있습니다. 코뿔소의 뿔을 떼면 훨씬 덜 위험하게 됩니다.&#10;&#10;원시적인 것부터 미래 초월적인 보철물로 신체 부위를 고칠 수 있습니다. 코뿔소와의 불행한 사건 후에 조 콜로니스트를 의족을 사용해 걷게 할 것이지만, 그는 여전히 꽤 느릴 것입니다. 다음 해에 무역업자에게 비싼 생체 공학 다리를 사면 조는 초인적인 달리기 선수가 됩니다. 심지어 내부 장기를 추출, 판매, 구입, 이식할 수도 있습니다.&#10;&#10;그 외 훨씬 많은 재밌는 내용이 있습니다! 이 게임을 조작하기 쉽고 에 활성화된 마드 커뮤니티가 있습니다.. 자세한 내용은http://rimworldgame.com를 참고하세요.&#10;&#10;(영어 외 모든 번역물은 팬들이 작성하였습니다.)\"','[KR]','[macOS]',NULL,NULL,NULL,'2022-02-20 07:39:46','2022-02-20 07:39:46',184207),(69,6,4,'Frostpunk','프로스트펑크는 최초의 사회 생존 게임입니다. 당신은 지구상 마지막 도시의 지도자로서, 시민과 기반 시설을 관리해야 합니다. 사회의 생존을 위해, 어떤 결정을 내리시겠습니까? 한계까지 내몰렸을 때, 어떻게 하시겠습니까? 그 동안, 당신은 어떻게 변해갈까요?','{\"KR\": 21000}',40,1,0,0,1,0,0,'{\"sub\": [\"https://cdn.akamai.steamstatic.com/steam/apps/323190/ss_98f6b65baef49d0557a04aa701c1b72b66b33c55.600x338.jpg?t=1642496017\", \"https://cdn.akamai.steamstatic.com/steam/apps/323190/ss_2fc6ed1e46755d6ad6091d8c1f75d94b912d1144.600x338.jpg?t=1642496017\", \"https://cdn.akamai.steamstatic.com/steam/apps/323190/ss_28db92509d505c855b07d480d749119fc147c84c.600x338.jpg?t=1642496017\", \"https://cdn.akamai.steamstatic.com/steam/apps/323190/ss_710aea3085400765ce450261ecb405ab1207552c.600x338.jpg?t=1642496017\", \"https://cdn.akamai.steamstatic.com/steam/apps/323190/ss_03fc3089daf0785e3bf34b32c385e80defefaeb4.600x338.jpg?t=1642496017\"], \"main\": \"https://cdn.akamai.steamstatic.com/steam/apps/323190/header.jpg?t=1642496017\"}','{\"sub\": [], \"main\": \"https://cdn.akamai.steamstatic.com/steam/apps/256846520/movie480_vp9.webm?t=1629386983\"}','\"게임에 대해&#10;여정의 끝&#10;프로스트펑크(Frostpunk)는 첫 발매 이후 여러 DLC를 거치며 업데이트를 거듭해 왔습니다. 이제 여러분은 새로운 무한 모드(3가지 방법으로 플레이할 수 있습니다)를 플레이할 수 있습니다. 또한 더욱 확장된 게임 세계 및 이야기가 가득한 새 시나리오 - The Fall of Winterhome(윈터홈의 몰락)도 준비되었습니다. 또한 추가로 캐릭터 및 자동기계 이름 지정 기능 및 포토 모드 등을 추가했습니다. 모든 콘텐츠는 게임을 보유한 사람들이라면 무료로 이용할 수 있습니다. 이 유료 시즌 패스에는 함께 이용할 수 있는 세 가지 확장팩도 포함되어 있습니다. 동시에 저희는 더 이상 프로스트펑크에 더 이상의 콘텐츠를 제작할 계획이 없음을 알려드리고자 합니다. 우리의 여정은 여기서 끝나지만 앞으로 더 많은 것을 준비할 예정이므로 앞으로도 저희가 만들 게임을 주목해주시기 바랍니다. 당연히 이 게임은 앞으로도 패치와 수정 사항, 그리고 기술지원을 제공할 예정입니다.&#10;&#10;&#10;&#10;&#10;시즌 패스&#10;프로스트펑크의 공식 시즌 패스가 출시되었습니다! 메인 스토리를 더욱 확장하고 게임 세계의 많은 공백을 메워줄 이번 3가지 확장(The Last Autumn (마지막 가을), On The Edge (가장자리에서) 및 The Rifts (갈라진 틈)) 외에도 게임 출시 이후 추가된 모든 추가 콘텐츠를 이용할 수 있습니다. 또한 게임을 끝낸 뒤에는 오케스트라 풍의 음악이 특징인 Digital Soundtrack을 들으며 긴장을 풀거나 구매자에게만 제공되는 Digital Artbook을 읽으며 게임 세계에 대한 더 많은 정보를 얻을 수도 있습니다.&#10;&#10;여기를 클릭해 시즌 패스 정보를 더 자세히 알아보십시오&#10;&#10;아직 게임을 플레이해보지 않으셨나요? 걱정하실 필요 없습니다. 그런 여러분에게 Frostpunk: Game of the Year Edition을 권해 드립니다. 이 에디션에는 기본 게임과 시즌 패스 및 모든 독점 콘텐츠를 저렴한 가격에 제공합니다.&#10;게임에 대해&#10;도시는 살아남아야만 합니다&#10;나만의 전쟁(This War of Mine)의 제작진이 만든 최신작, 프로스트펑크는 열기가 생존을 의미하며 모든 결정에 대가가 따르는 사회 생존 게임입니다. 온 세상이 얼어붙었지만 사람들은 증기 동력을 활용한 기술을 개발하여 혹한에 맞섰습니다. 여러분은 지구 최후의 도시를 건설하고 시민의 생존에 필요한 여러 수단을 확보해야 합니다.&#10;&#10;최적화와 자원 관리는 종종 동정심이나 사려 깊은 의사결정과 충돌하기도 합니다. 지도자는 대부분의 시간을 도시와 사회 관리에 할애하면서, 어느 시점에서 바깥 세상을 탐험하며 과거의 역사와 현재 상황을 파악해야 합니다.&#10;&#10;사회의 생존을 위해 어떤 결정을 내리시겠습니까? 한계까지 내몰렸을 때는 어떻게 하시겠습니까? 그리고 그동안 여러분은 어떻게 변해 갈까요?&#10;법을 제정하십시오&#10;법령을 제정하여 성장하는 사회 생활을 통제하십시오. 시민의 근로 시간과 의료, 식량 공급 및 일상생활에 필수인 기타 요소에 관한 결정을 내리십시오. 시민의 희망과 만족도를 유지하십시오. 시민의 식량과 안전을 유지할 근본 수단을 확보하는 것만큼 사회의 도덕성 또한 중요합니다.&#10;사회의 방향을 결정하십시오&#10;전환점에 도달했다면 망설이지 말고 시민이 나아갈 길을 결정하십시오. 철권통치로 시민을 다스리시겠습니까... 아니면 연민과 신앙의 길을 보여주시겠습니까? 극한 상황으로 몰아붙이거나 적절한 균형점을 찾으십시오. 또한 어느 쪽을 선택하건 돌이킬 수 없다는 것도 잊지 마십시오.&#10;신중하게 선택하십시오&#10;위기에 처한 시민의 운명을 결정하거나 새로운 집단의 요구를 받아들이는 등 몇몇 결정은 사소해 보일 수도 있습니다. 하지만 그런 행동이 쌓이면 예상치 못한 결과를 낳을 수도 있음을 유념하십시오. 시민은 당신을 믿지만, 그 헌신에도 한계가 존재하는 법입니다. 지도자라는 자리는 부담으로 다가올 수 있습니다.&#10;신기술을 개발하십시오&#10;생존을 위해서는 발전이 필요합니다. 현재 사건에 대처하되 기술 개발 및 발전에도 투자하는 장기적인 안목을 잃지 마십시오. 자체 전원을 지닌 자동기계와 비행선, 기타 놀라운 기술 작품 등 최첨단 기반 시설을 갖추는 것은 어려운 일이지만 불가능한 것은 아닙니다. 모든 것은 여러분의 관리 능력과 통솔력에 달렸습니다.&#10;영구동토를 탐험하십시오&#10;여러분의 주 활동 지역은 뉴 런던을 중심으로 돌아가지만 세상에는 도시 내부의 한계를 넘는 훨씬 많은 것들이 존재합니다. 탐험에는 위험이 따르지만, 값진 지식과 소중한 물자를 챙길 수 있으며 사회 인구를 올릴 수도 있습니다. 바깥에 있는 사람의 운명은 오직 여러분 손에 달려 있습니다.&#10;무한한 플레이를 즐기십시오&#10;프로스트펑크(Frostpunk)의 무한 모드는 게임을 무한으로 플레이할 수 있게 도와줄 것입니다. 지형과 기상 조건, 서로 다른 과제가 주어진 8가지 맵에서 플레이하세요. 저희는 여러 사람들이 서로 다른 플레이 방법을 원한다는 것을 알고 있기에, 무한 모드에서 플레이할 수 있는 세 가지 모드를 준비했습니다. 가장 가혹한 환경 속에서 여러분의 인내력은 건설과 관리, 생존 능력에 관한 최고의 시험을 제공할 것입니다. 건설자는 발전기를 보유하지 않은 채 시작하며, 이는 새로운 방식의 도전으로 이어질 것입니다. 그리고 마지막으로 무한 모드는 부담 없이 도시 자체를 건설하는 기술을 즐길 수 있는 평온함에 초점을 맞추고 있다는 것입니다. \"','[KR]','[Window,macOs]',NULL,NULL,NULL,'2022-02-20 07:40:15','2022-02-20 07:40:15',152108),(70,9,2,'Age of Empires IV','많은 사랑을 받은 실시간 전략 게임이 다시 돌아옵니다. Age of Empires IV는 여러분을 지금의 세계를 만든 역사적인 대전투들의 중심으로 데려갈 것입니다.','{\"KR\": 59900}',0,1,0,0,1,0,0,'{\"sub\": [\"https://cdn.akamai.steamstatic.com/steam/apps/1466860/ss_2ae5b5a2a779c31e3acae486ec359b0d9087bc8c.600x338.jpg?t=1639781270\", \"https://cdn.akamai.steamstatic.com/steam/apps/1466860/ss_5384805fa5d365b069f197498269fabd7143cb4c.600x338.jpg?t=1639781270\", \"https://cdn.akamai.steamstatic.com/steam/apps/1466860/ss_4da9632574ab355b1a581190c262d21a1d3248ba.600x338.jpg?t=1639781270\", \"https://cdn.akamai.steamstatic.com/steam/apps/1466860/ss_48195285a60c6208f8bd722f74c556b9a224f4b0.600x338.jpg?t=1639781270\", \"https://cdn.akamai.steamstatic.com/steam/apps/1466860/ss_758b154dbd4cbfc943ba34010f514348580968c7.600x338.jpg?t=1639781270\"], \"main\": \"https://cdn.akamai.steamstatic.com/steam/apps/1466860/header.jpg?t=1639781270\"}','{\"sub\": [], \"main\": \"https://cdn.akamai.steamstatic.com/steam/apps/256858859/movie480_vp9.webm?t=1636080473\"}','\"게임에 대해&#10;많은 사랑을 받은 실시간 전략 게임이 다시 돌아옵니다. Age of Empires IV는 여러분을 지금의 세계를 만든 역사적인 대전투들의 중심으로 데려갈 것입니다. 4K의 멋진 비주얼로 펼쳐지는 광대한 땅에서 익숙한 방법과 새로운 방법으로 제국을 확장하세요. Age of Empires IV는 새로운 세대로 진화된 실시간 전략 게임을 보여줄 것입니다.&#10;&#10;역사로의 귀환 – 역사적으로 풍부하게 설정된 전 세계의 다양한 문명 8가지에 몰입해 보세요. 잉글랜드, 중국, 델리 술탄국 등 다양한 문명으로 승리를 향한 길을 걸을 수 있습니다. 도시를 건설하고, 자원을 관리하고, 병력을 이끌어 지상과 바다에서 전투를 하며, 차이가 뚜렷한 4개의 캠페인에서 35개의 임무를 수행하며 암흑 시대에서 르네상스까지 500년의 역사를 이끌어 보세요.&#10;&#10;역사적인 인물들과 함께 위대한 업적을 향한 경로를 선택하세요 - 잔다르크의 여정을 재현하며 잉글랜드를 무찌르거나, 칭기즈 칸이 되어 강대한 몽골군을 지휘하여 아시아를 정복하세요. 선택은 여러분의 몫이며, 여러분의 모든 결정이 역사를 만들 것입니다.&#10;&#10;모드로 게임을 바꾸세요 – 2022년 초에 이용하실 수 있습니다. 사용자 제작 콘텐츠 맞춤 설정 도구를 이용하여 원하는 대로 플레이하세요.&#10;&#10;세계에 도전하세요 - 온라인에 뛰어들어 PVP 및 PVE 멀티 플레이어 모드에서 최대 7명의 친구들과 함께 경쟁하거나, 협동하거나 관전하세요&#10;&#10;모든 플레이어에게 적합합니다 – Age of Empires IV는 처음 해 보는 플레이어들에게 튜토리얼 시스템을 통해 실시간 전략의 정수를 알려드리며, 캠페인 스토리 모드는 초보 플레이어들이 쉽게 건설 및 승리를 해낼 수 있도록 설계되어 있습니다. 하지만 새로운 게임 메카닉, 진화된 전략, 전투 테크닉이 있어 베테랑 플레이어들에게도 충분히 도전할 가치를 제공합니다.\"','[KR]','[macOS]',NULL,NULL,NULL,'2022-02-20 07:41:16','2022-02-20 07:41:16',55453),(71,1,1,'하우스 플리퍼','House Flipper는 1인 인테리어팀 크루가 될 수 있는 특별한 기회를 제공합니다. 방치된 건물을 구입하고 수리하고, 개조하세요. 그 건물들에게 두 번째 생명을 불어넣고 이윤을 되붙여 파세요!','{\"KR\": 20500}',40,1,0,0,1,0,0,'{\"sub\": [\"https://cdn.akamai.steamstatic.com/steam/apps/613100/ss_66b4628cedb499f8c72661125cc9c800eef17ae1.600x338.jpg?t=1645192006\", \"https://cdn.akamai.steamstatic.com/steam/apps/613100/ss_3f556347267bfb571fbdba2eca76a83888570682.600x338.jpg?t=1645192006\", \"https://cdn.akamai.steamstatic.com/steam/apps/613100/ss_47c2f0a7765e97ff531acac0be7481eaf0084d8f.600x338.jpg?t=1645192006\", \"https://cdn.akamai.steamstatic.com/steam/apps/613100/ss_d60e717912e65c85243393552c96b96efe949d96.600x338.jpg?t=1645192006\", \"https://cdn.akamai.steamstatic.com/steam/apps/613100/ss_b64845472594e09fe51dec5471d8da6599ec57a4.600x338.jpg?t=1645192006\"], \"main\": \"https://cdn.akamai.steamstatic.com/steam/apps/613100/header.jpg?t=1645192006\"}','{\"sub\": [], \"main\": \"https://cdn.akamai.steamstatic.com/steam/apps/256818205/movie480_vp9.webm?t=1610633395\"}','\"게임에 대해&#10;&#10;&#10;당신의 첫 부동산을 구입하려면 먼저 돈을 벌어야겠죠. 그러나 걱정하지 마세요.&#10;다행히도 일은 아주 많답니다! 지역 주민들의 일자리 제안을 수락하세요 - 집을 청소하고,&#10;벽에 페인트를 칠하고, 난방 및 샤워 시설, 에어컨을 설치하고, 심지어 가구 전체를 세팅할 수도 있습니다.&#10;고객이 만족했다면 여러분의 작업에 좋은 보상을 지급할 것이고, 여러분도 내집마련의 꿈에 점점 더 가까워 질 것입니다.&#10;&#10;&#10;&#10;&#10;망치를 드세요! 먼지를 뒤집어쓰고 벽 몇 개를 허물 시간입니다. 유리 파편,&#10;쓰레기, 가구 잔해를 정리한 뒤 공간의 완전한 변신을 준비하세요.&#10;고객이 원하는 요구사항에 맞춰 주문을 완료할 지, 여러분의 사업을 운영할 완벽한 사무실로 꾸밀지는 오로지 당신에게 달려있습니다.&#10;&#10;&#10;&#10;&#10;다행히도 여러분은 혼자가 아닙니다. 페인트 롤러, 유리창 와이퍼, 긁개,&#10;걸레, 망치 및 꽤 유용한 태블릿... 가장 충실한 동료, 즉 도구들의 도움이 있다면 그 어떤 주문이라도 최악은 아닐겁니다.&#10;도구들을 사용하면 경험을 쌓거나 기술을 개발하는 데 유용하므로 작업이 더욱 쉽고 즐거워집니다.&#10;&#10;&#10;&#10;꿈에 그리던 나만의 집을 짓든, 지역주민들의 인테리어를 돕든, 그저 무언가를 깨부수든 전혀 상관없습니다.&#10;House Flipper가 여러분의 휴식을 도와드립니다. 편히 앉아 일상의 걱정을 잊고 House Flipper의 세계에 빠져보세요!\"','[KR]','[macOS]',NULL,NULL,NULL,'2022-02-20 07:41:33','2022-02-20 07:41:33',107681),(72,2,4,'Terraria','Dig, fight, explore, build! Nothing is impossible in this action-packed adventure game. Four Pack also available!','{\"KR\": 10500}',50,1,0,0,1,0,0,'{\"sub\": [\"https://cdn.akamai.steamstatic.com/steam/apps/105600/ss_8c03886f214d2108cafca13845533eaa3d87d83f.600x338.jpg?t=1590092560\", \"https://cdn.akamai.steamstatic.com/steam/apps/105600/ss_ae168a00ab08104ba266dc30232654d4b3c919e5.600x338.jpg?t=1590092560\", \"https://cdn.akamai.steamstatic.com/steam/apps/105600/ss_9edd98caaf9357c2f40758f354475a56e356e8b0.600x338.jpg?t=1590092560\", \"https://cdn.akamai.steamstatic.com/steam/apps/105600/ss_75ea9a7e39eb34b40efa1e6dfd2536098dc4734b.600x338.jpg?t=1590092560\", \"https://cdn.akamai.steamstatic.com/steam/apps/105600/ss_782374517c1792debd74d24856203b876eba3a5d.600x338.jpg?t=1590092560\"], \"main\": \"https://cdn.akamai.steamstatic.com/steam/apps/105600/header.jpg?t=1590092560\"}','{\"sub\": [], \"main\": \"https://cdn.akamai.steamstatic.com/steam/apps/256785003/movie480_vp9.webm?t=1589654781\"}','\"게임에 대해&#10;땅을 파고, 싸우고, 탐험하고, 건설하세요! 액션으로 가득 찬 이 모험 게임에서라면 무엇이든 가능합니다. 세상이 곧 캔버스이고, 땅 그 자체가 물감입니다.&#10;&#10;당장 도구를 들고 시작하세요! 셀 수 없이 많은 각각의 환경에서 무기를 만들고 다양한 적들과 싸워보세요. 땅속 깊이 파고들어 가 장신구, 돈, 그 밖의 쓸모있는 물건들을 찾아보세요. 자원을 모아 상상할 수 있는 모든 것을 만들어 이 세상을 온전히 당신만의 세상으로 만들어보세요. 집, 요새, 또는 성 그 자체를 건설해보세요. 사람들이 그곳에 살기 위해 모여들고, 어쩌면 당신의 여행을 보조할 다른 물건들을 팔지도 모릅니다.&#10;하지만 이것만은 알아두세요. 어쩌면 이 이상의 도전이 당신을 기다리고 있을지도 모릅니다....... 일을 시작할 준비가 됐나요?&#10;게임의 특징&#10;&#10;샌드박스형 플레이&#10;&#10;자유롭게 생성된 세계들&#10;&#10;무료 콘텐츠 업데이트\"','[KR]','[Window,macOs]',NULL,NULL,NULL,'2022-02-20 07:42:28','2022-02-20 07:42:28',13046),(73,6,3,'Project Zomboid','Project Zomboid is the ultimate in zombie survival. Alone or in MP: you loot, build, craft, fight, farm and fish in a struggle to survive. A hardcore RPG skillset, a vast map, massively customisable sandbox and a cute tutorial raccoon await the unwary. So how will you die? All it takes is a bite..','{\"KR\": 20500}',10,1,0,0,1,0,0,'{\"sub\": [\"https://cdn.akamai.steamstatic.com/steam/apps/108600/ss_d4a0f78dc94273c7f0eedc186569efc091387066.600x338.jpg?t=1644611871\", \"https://cdn.akamai.steamstatic.com/steam/apps/108600/ss_eca8be032b3f5508bf5bea74cfbc823a4df047ce.600x338.jpg?t=1644611871\", \"https://cdn.akamai.steamstatic.com/steam/apps/108600/ss_7300ecc70342b6fcbdf39b6f9ff4c408066f8fc2.600x338.jpg?t=1644611871\", \"https://cdn.akamai.steamstatic.com/steam/apps/108600/ss_eb1862af5109e4658e2538d897cbd16b87ad1818.600x338.jpg?t=1644611871\", \"https://cdn.akamai.steamstatic.com/steam/apps/108600/ss_3b21d79855804e2a73468328a8fd18df0d238a2a.600x338.jpg?t=1644611871\"], \"main\": \"https://cdn.akamai.steamstatic.com/steam/apps/108600/header.jpg?t=1644611871\"}','{\"sub\": [], \"main\": \"https://cdn.akamai.steamstatic.com/steam/apps/256865885/movie480_vp9.webm?t=1639992657\"}','\"게임에 대해&#10;Project Zomboid is an open-ended zombie-infested sandbox. It asks one simple question – how will you die? &#10;&#10;In the towns of Muldraugh and West Point, survivors must loot houses, build defences and do their utmost to delay their inevitable death day by day. No help is coming – their continued survival relies on their own cunning, luck and ability to evade a relentless horde.&#10;Current Features&#10;Hardcore Sandbox Zombie Survival Game with a focus on realistic survival.&#10;&#10;Online multiplayer survival with persistent player run servers.&#10;&#10;Local 4 player split-screen co-op&#10;&#10;Hundreds of zombies with swarm mechanics and in-depth visual and hearing systems.&#10;&#10;Full line of sight system and real-time lighting, sound and visibility mechanics. Hide in the shadows, keep quiet and keep the lights off at night, or at least hang sheets over the windows.&#10;&#10;Vast and growing map (loosely based on a real world location) for you to explore, loot and set up your fortress. Check out Blindcoder’s map project: https://map.projectzomboid.com/&#10;&#10;Vehicles with full physics and deep and realistic gameplay mechanics.&#10;&#10;Use tools and items to craft weapons, barricade and cook. You can even build zombie proof forts by chopping trees, sawing wood and scavenging supplies.&#10;&#10;Deal with depression, boredom, hunger, thirst and illness while trying to survive.&#10;&#10;Day turns to night. The electricity falters. Hordes migrate. Winter draws in. Nature gradually starts to take over.&#10;&#10;Farming, fishing, carpentry, cooking, trapping, character customization, skills and perks that develop based on what you do in-game.&#10;&#10;Proper zombies that don’t run. (Unless you tell them to in the sandbox menu).&#10;&#10;A ton of amazing atmospheric music tracks by the prodigy that is Zach Beever.&#10;&#10;Imaginative Challenge scenarios and instant action ‘Last Stand’ mode, on top of regular Sandbox and Survival &#10;&#10;Full, open and powerful Lua modding support.&#10;&#10;Xbox Controller Gamepad support on Windows. [Others pads can be set up manually. Gamepad support not currently available on Mac]&#10;&#10;We’re a small team at the moment, but we’re also committed to providing the following:&#10;planned Features:&#10;The return of our PZ Stories mode that also serves as first ever tutorial actively trying to kill you at every turn. Kate and Baldspot return!&#10;&#10;In-depth and varied NPC encounters driven in a persistent world, powered by a metagame system that turns each play-through into your very own zombie survival movie with emergent narrative gameplay.&#10;&#10;Constant expansion of the countryside and cities around Muldraugh and West Point&#10;&#10;Full wilderness survival systems, animals and hunting for food.&#10;&#10;More items, crafting recipes, weapons and gameplay systems.&#10;&#10;Steam Workshop and Achievements support&#10;&#10;For more details on the game follow us on @theindiestone or visit http://www.projectzomboid.com\"','[KR]','[Window,macOs]',NULL,NULL,NULL,'2022-02-20 07:42:49','2022-02-20 07:42:49',110294),(74,3,1,'Raft','Raft throws you and your friends into an epic oceanic adventure! Alone or together, players battle to survive a perilous voyage across a vast sea! Gather debris, scavenge reefs and build your own floating home, but be wary of the man-eating sharks!','{\"KR\": 21000}',0,1,0,0,1,0,0,'{\"sub\": [\"https://cdn.akamai.steamstatic.com/steam/apps/648800/ss_c22b2ff5ba5609f74e61b5feaa5b7a1d7fd1dbd3.600x338.jpg?t=1642416570\", \"https://cdn.akamai.steamstatic.com/steam/apps/648800/ss_2adb248f4d501cf58344d9af1d8a9e56c74647ee.600x338.jpg?t=1642416570\", \"https://cdn.akamai.steamstatic.com/steam/apps/648800/ss_56914c026da8c8411974bd0e2e8cb81a0331ba99.600x338.jpg?t=1642416570\", \"https://cdn.akamai.steamstatic.com/steam/apps/648800/ss_fdf998ea2eca1e79c0141b83ef32c5fadecd9a0e.600x338.jpg?t=1642416570\", \"https://cdn.akamai.steamstatic.com/steam/apps/648800/ss_fddb32f91f59dc076b60eebf6d013fc9a636e0e1.600x338.jpg?t=1642416570\"], \"main\": \"https://cdn.akamai.steamstatic.com/steam/apps/648800/header.jpg?t=1642416570\"}','{\"sub\": [], \"main\": \"https://cdn.akamai.steamstatic.com/steam/apps/256839839/movie480_vp9.webm?t=1624291250\"}','\"게임에 대해&#10;By yourself or with friends, your mission is to survive an epic oceanic adventure across&#10;a perilous sea! Gather debris to survive, expand your raft and be wary of the dangers of&#10;the ocean!&#10;&#10;Trapped on a small raft with nothing but a hook made of old plastic, players awake on a vast,&#10;blue ocean totally alone and with no land in sight! With a dry throat and an empty stomach,&#10;survival will not be easy!&#10;&#10;Raft throws you and your friends into an epic adventure out on the big open sea, with the&#10;objective to stay alive, gather resources and build yourself a floating home worthy of&#10;survival.&#10;&#10;Resources are tough to come by at sea: Players will have to make sure to catch whatever debris floats by using their trusty hook and when possible, scavenge the reefs beneath the waves and the islands above.&#10;However, thirst and hunger is not the only danger in the ocean… watch out for the man-&#10;eating shark determined to end your voyage!&#10;&#10;&#10;Features:&#10;● Multiplayer! Survive by yourself or with friends in online co-op!&#10;● Hook! Use your hook to catch debris floating by.&#10;● Craft! Build survival equipment, weapons, crop plots and more to help you stay alive!&#10;● Build! Expand your raft from a simple wreckage to a buoyant mansion.&#10;● Research! Learn new things to craft in the research table.&#10;● Navigate! Sail your raft towards new places!&#10;● Dive! Drop anchor and explore the depths for more resources.&#10;● Fight! Defend your raft from the dangers of the ocean.\"','[KR]','[Window,macOs]',NULL,NULL,NULL,'2022-02-20 07:43:11','2022-02-20 07:45:26',162970),(75,9,2,'플래닛 주','플래닛 주에서 야생의 세계를 건설하세요. 플래닛 코스터와 주 타이쿤의 개발자들이 최고의 동물원 시뮬레이션 게임으로 돌아왔습니다. 실감 나는 서식지를 건설하고, 동물원을 관리하고, 생각하고 느끼고 여러분이 창조한 세계를 탐험하는 진짜 살아 있는 동물들을 만나 보세요.','{\"KR\": 46000}',0,1,0,0,1,0,0,'{\"sub\": [\"https://cdn.akamai.steamstatic.com/steam/apps/703080/ss_fac76f23b1b655dd0459db1a443bc8adb02e4279.600x338.jpg?t=1643280607\", \"https://cdn.akamai.steamstatic.com/steam/apps/703080/ss_275f9a046ba89aa45944a940b4a5c1baaf50c81e.600x338.jpg?t=1643280607\", \"https://cdn.akamai.steamstatic.com/steam/apps/703080/ss_6a247086e998d16983a109f2ab9567b16ddd6ec1.600x338.jpg?t=1643280607\", \"https://cdn.akamai.steamstatic.com/steam/apps/703080/ss_37ad5481dcb9ba88f42ef718d0a98450a878ec34.600x338.jpg?t=1643280607\", \"https://cdn.akamai.steamstatic.com/steam/apps/703080/ss_c57319ad1fcc446a6a241b279a8477f7b741cd76.600x338.jpg?t=1643280607\"], \"main\": \"https://cdn.akamai.steamstatic.com/steam/apps/703080/header.jpg?t=1643280607\"}','{\"sub\": [], \"main\": \"https://cdn.akamai.steamstatic.com/steam/apps/256766382/movie480.webm?t=1572955356\"}','\"게임에 대해&#10;플래닛 주에서 야생의 세계를 건설하세요. 플래닛 코스터와 주 타이쿤의 개발자들이 최고의 동물원 시뮬레이션 게임으로 돌아왔습니다. 생각하고 느끼고 여러분이 창조한 세계를 탐험하는 진짜 살아 있는 동물들을 만나 보세요. 세계를 탐험하는 캠페인을 즐기거나 샌드박스 모드에서 야생에 대한 상상력을 마음껏 펼쳐 보세요. 세계에서 가장 야생과 가까운 동물원을 짓고, 특별한 서식지와 방대한 자연을 조성해 주고, 중요한 결단도 과감하게 내리고, 동물들을 정성껏 보살펴 주세요.&#10;&#10;야생과 시뮬레이션의 만남&#10;&#10;놀라운 동물의 세계를 만나 보세요. 장난꾸러기 새끼 사자부터 힘센 코끼리까지 플래닛 주에 등장하는 모든 동물은 외모와 성격이 제각각 다른 생각과 감정을 지닌 존재들입니다. 동물들의 자연 속 집과 닮은 편안한 서식지를 건설하고, 모든 종의 습성을 연구해 동물들이 잘 지낼 수 있도록 관리하고, 동물들이 번식을 통해 유전자를 후세에 물려줄 수 있도록 도와 주세요.&#10;&#10;의미 있는 보살핌&#10;&#10;여러분의 결정에 일일이 반응하는 이 살아 숨쉬는 놀라운 세계를 잘 보살피세요. 큰 그림에 집중하든, 세세한 부분까지 직접 관리하든 여러분의 몫입니다. 특별한 관람관으로 방문객에게 즐거움을 선사하고, 새로운 연구로 동물원을 발전시키고, 새로운 세대의 동물들을 야생으로 돌려 보내세요. 동물들의 복지와 보존이 우선인 세계에서 여러분의 선택은 정말 중요합니다.&#10;&#10;무한한 창의력&#10;&#10;플래닛 주의 강력한 건설 도구들만 있으면 어렵지 않게 특별한 동물원을 완성할 수 있습니다. 여러분의 결정 하나하나가 동물들의 삶과 방문객의 경험에 영향을 미칩니다. 호수와 강을 파고, 언덕과 산을 쌓고, 길과 동굴을 만들면서 마음껏 상상력을 발휘해 보세요. 다양한 테마와 수많은 건설 부품들로 세상에 하나뿐인 멋진 동물원을 완성하세요.&#10;&#10;서로 공유하고 영감 주기&#10;&#10;활발한 커뮤니티에 참가해 창의적으로 완성한 서식지와 풍경, 아니면 동물원을 통째로 Steam Workshop에 공유해 주세요. 전 세계 동물원에 등장하는 여러분의 디자인을 확인하고, 매일 플래닛 주 커뮤니티에서 새로운 콘텐츠도 찾아 보세요.\"','[KR]','[Window]',NULL,NULL,NULL,'2022-02-20 07:43:43','2022-02-20 07:45:26',49550),(76,4,1,'Surviving Mars','There will be challenges to overcome. Execute your strategy and improve your colony’s chances of survival while unlocking the mysteries of this alien world. Are you ready? Mars is waiting for you.','{\"KR\": 31000}',0,1,0,0,1,0,0,'{\"sub\": [\"https://cdn.akamai.steamstatic.com/steam/apps/464920/ss_44ac0358c939aad3facac813fc4482d77b912937.600x338.jpg?t=1631174355\", \"https://cdn.akamai.steamstatic.com/steam/apps/464920/ss_dd0e3554085e1f1247fd18bd1004c7dd988cbe21.600x338.jpg?t=1631174355\", \"https://cdn.akamai.steamstatic.com/steam/apps/464920/ss_c3cd8c398159d95073b9362800b1a32030164531.600x338.jpg?t=1631174355\", \"https://cdn.akamai.steamstatic.com/steam/apps/464920/ss_34d8bde9174165dbc33e4ca93ae6c2217d00a72b.600x338.jpg?t=1631174355\", \"https://cdn.akamai.steamstatic.com/steam/apps/464920/ss_898bdeefe8e13fd984d6a51648d9277a1b5cfe35.600x338.jpg?t=1631174355\"], \"main\": \"https://cdn.akamai.steamstatic.com/steam/apps/464920/header.jpg?t=1631174355\"}','{\"sub\": [], \"main\": \"https://cdn.akamai.steamstatic.com/steam/apps/256737064/movie480.webm?t=1543582962\"}','\"게임에 대해&#10;Colonize Mars and discover her secrets, with minimal casualties.&#10;Welcome Home! The time has come to stake your claim on the Red Planet and build the first functioning human colonies on Mars! All you need are supplies, oxygen, decades of training, experience with sandstorms, and a can-do attitude to discover the purpose of those weird black cubes that appeared out of nowhere. With a bit of sprucing up, this place is going to be awesome!&#10;&#10;Surviving Mars is a sci-fi city builder all about colonizing Mars and surviving the process. Choose a space agency for resources and financial support before determining a location for your colony. Build domes and infrastructure, research new possibilities and utilize drones to unlock more elaborate ways to shape and expand your settlement. Cultivate your own food, mine minerals or just relax by the bar after a hard day’s work. Most important of all, though, is keeping your colonists alive. Not an easy task on a strange new planet.&#10;&#10;There will be challenges to overcome. Execute your strategy and improve your colony’s chances of survival while unlocking the mysteries of this alien world. Are you ready? Mars is waiting for you.&#10;&#10;Main Features:&#10;&#10;&#10;Building on a planet not fit for human life challenges you to build a smart, functional colony. Bad planning isn’t about traffic jams, it’s about survival of your colonists. You really don’t want rolling blackouts in a city constructed in a place without oxygen.&#10;&#10;&#10;Each colonist is a unique individual with problems and strengths that influence the needs and behavior of the other colonists. Things can get really interesting if your chief scientists develops alcoholism after one too many long nights in the lab.&#10;&#10;&#10;Retro-futuristic super structures housing colonists, factories and commercial buildings with their own “neighborhood personality.” Create colonies that value science over everything else, while tired workers drink their pay away at a local bar, or attempt a utopia among the stars.&#10;&#10;&#10;Inspired by the classic sci-fi of Asimov and Clarke, Surviving Mars holds many secrets. During each playthrough players may encounter one of Mars’ individually crafted mysteries. Uncovering these secrets might bring your colony great fortune, or terrible ruin. What is that sphere that manifested itself outside colony HUB B, and is it friendly?&#10;&#10;&#10;Combine static and random research through experimentation, which allows for a different experience for each journey through the game. Attain new scientific breakthroughs by exploring the uncharted terrain of Mars&#39;s surface.&#10;&#10;&#10;A sleek, modern take on the bright futurism of the 1960s. A time of exploration and adventure.&#10;&#10;&#10;Craft your own fantastic buildings, parks or even a mystery to share through Surviving Mars’s extensive and convenient modding tools. Share your finest creations with the community to build the perfect society.\"','[KR]','[macOS]',NULL,NULL,NULL,'2022-02-20 07:44:20','2022-02-20 07:45:26',51511),(77,4,1,'쥬라기 월드 에볼루션 2','쥬라기 월드 에볼루션 2는 Frontier에서 2018년에 출시한 획기적이고 몰입도 높은 관리 시뮬레이션 쥬라기 월드 에볼루션의 후속작으로, 게임 시리즈에 기반한 과감하고 새로운 시대를 선보여 많은 기대를 받고 있습니다','{\"KR\": 61000}',10,1,0,0,1,0,0,'{\"sub\": [\"https://cdn.akamai.steamstatic.com/steam/apps/1244460/ss_e2043f89661bf4da80628e6ab1e97b0a67f1c7ed.600x338.jpg?t=1639065533\", \"https://cdn.akamai.steamstatic.com/steam/apps/1244460/ss_96527037800b404246c4e508062c925eabae20a6.600x338.jpg?t=1639065533\", \"https://cdn.akamai.steamstatic.com/steam/apps/1244460/ss_f22feb0cee0172cd3b9d1b6c845b90d911ee8858.600x338.jpg?t=1639065533\", \"https://cdn.akamai.steamstatic.com/steam/apps/1244460/ss_efde72180f48c4b722b04ac7c0b13ee46b45bdf0.600x338.jpg?t=1639065533\", \"https://cdn.akamai.steamstatic.com/steam/apps/1244460/ss_c78eddae3abebf2fadcf02dd72219e1bb9041406.600x338.jpg?t=1639065533\"], \"main\": \"https://cdn.akamai.steamstatic.com/steam/apps/1244460/header.jpg?t=1639065533\"}','{\"sub\": [], \"main\": \"https://cdn.akamai.steamstatic.com/steam/apps/256859644/movie480_vp9.webm?t=1636466454\"}','\"게임에 대해&#10;쥬라기 월드 에볼루션 2는 Frontier에서 2018년 출시한 획기적인 관리 시뮬레이션 쥬라기 월드 에볼루션의 후속작으로 많은 기대를 받고 있습니다. 몰입감 넘치는 새 내러티브 캠페인, 실제 쥬라기 월드 영화 시리즈 출연진의 음성, 재미있는 신규 기능, 4가지의 매력적인 게임 모드, 그리고 더 확장된 경이로운 공룡 목록을 만나보세요.   &#10;&#10;원작의 쥬라기 월드 이야기 &#10;캠페인 모드에서 최고의 공원 관리자가 되기 위해 필요한 역량을 알아보세요. 쥬라기 월드: 폴른 킹덤 속 충격적인 사건에서 이어지는 매력적이고 독창적인 이야기의 한가운데로 여러분을 안내합니다. 이안 말콤 박사(영어 성우: Jeff Goldblum)와 클레어 디어링(영어 성우: Bryce Dallas Howard) 등 영화에 나온 인기 캐릭터와 힘을 합쳐 제어권을 지휘하며 미국 전역에서 날뛰고 있는 공룡을 통제, 보존, 유지하는 데 힘쓰세요.&#10;&#10;여러분만의 쥬라기 월드를 창조하세요 &#10;심도 높은 관리 도구와 생성 옵션을 사용해 관리하세요. 자유롭게 커스터마이징할 수 있는 새로운 건물을 건설하고, 새 과학자를 고용하고, 관람객과 공룡의 수요와 요구에 맞게 공원을 조성하세요. 샌드박스 모드에서 창의력을 맘껏 뽐내거나, 챌린지 모드에서 다양한 장소와 환경적 요인을 극복하며 실력을 테스트해 보세요.&#10;&#10;혼돈 이론으로 플레이하세요&#10;모두의 사랑을 받는 영화의 핵심적인 순간을 변형하여 플레이해 보세요. 상징적인 쥬라기 월드와 쥬라기 공원 영화 다섯 편의 시대와 장소를 배경으로 하는 각각의 레벨 세트에서 대체 역사 시나리오를 경험해 보세요. 쥬라기 월드 시리즈에 뛰어들어 여러분이 개입했을 때 사건이 어떻게 진행되는지 알아보세요.&#10;&#10;경이로운 공룡을 발견하세요&#10;관람 수요가 높은 비행 파충류 및 수중 파충류를 포함한 75종 이상의 선사시대 생물이 쥬라기 월드 에볼루션 2에서 살아 움직입니다. 영역을 지배하고, 지배권을 두고 싸움을 벌이고, 주변의 세계에 지능적으로 반응하는 등 완전히 새롭게 태어난 동물들을 만나보세요. 생명공학 기술을 이용해 개성 있는 색상과 패턴으로 공룡을 마음대로 꾸미고, 게놈을 조작해 다양한 특성을 잠금 해제할 수 있습니다.\"','[KR]','[macOS]',NULL,NULL,NULL,'2022-02-20 07:44:49','2022-02-20 07:45:26',3749),(78,6,3,'Garry`s Mod','Garry&#39;s Mod is a physics sandbox. There aren&#39;t any predefined aims or goals. We give you the tools and leave you to play.','{\"KR\": 33000}',0,1,0,0,1,0,0,'{\"sub\": [\"https://cdn.akamai.steamstatic.com/steam/apps/4000/ss_ff27d52a103d1685e4981673c4f700b860cb23de.600x338.jpg?t=1617307042\", \"https://cdn.akamai.steamstatic.com/steam/apps/4000/0000000826.600x338.jpg?t=1617307042\", \"https://cdn.akamai.steamstatic.com/steam/apps/4000/ss_65ec9828538eac8db20efc8149990060911fefc4.600x338.jpg?t=1617307042\", \"https://cdn.akamai.steamstatic.com/steam/apps/4000/ss_c13ffded1d71bedfa7ede94c11cbd21fbd21a32c.600x338.jpg?t=1617307042\", \"https://cdn.akamai.steamstatic.com/steam/apps/4000/ss_1a9b6c5aaf53e82c00daca46b108774d0d39c32f.600x338.jpg?t=1617307042\"], \"main\": \"https://cdn.akamai.steamstatic.com/steam/apps/4000/header.jpg?t=1617307042\"}','{\"sub\": [], \"main\": \"\"}','\"게임에 대해&#10;개리-모드는 물리 샌드박스 게임입니다. 다른 일반 게임과는 달리, 이 게임에는 미리 정해진 목표가 없습니다. 필요한 도구만 제공할 뿐, 어떻게 플레이할지는 여러분의 몫입니다.&#10;여러 물체를 소환해 하나로 묶어 여러분만의 고안물을 만들어보세요. 그것이 자동차, 로켓, 투석기, 또는 아직 이름이 없는 무언가라도 괜찮습니다. 모든 것은 여러분의 마음에 달렸습니다.&#10;제작에 소질이 없다고 해도 걱정하지 마세요! 여러 캐릭터를 우스꽝스러운 자세로 배치하며 놀 수도 있으니까요.\"','[KR]','[macOS]',NULL,NULL,NULL,'2022-02-20 07:46:17','2022-02-20 07:46:17',164656),(79,3,2,'Rust','The only aim in Rust is to survive. Everything wants you to die - the island’s wildlife and other inhabitants, the environment, other survivors. Do whatever it takes to last another night.','{\"KR\": 46000}',20,1,0,0,1,0,0,'{\"sub\": [\"https://cdn.akamai.steamstatic.com/steam/apps/252490/ss_9652dbaf2de41b8c8f8305af714ee258564c453d.600x338.jpg?t=1645133322\", \"https://cdn.akamai.steamstatic.com/steam/apps/252490/ss_2a8518810024a5fbf9c714e697a43a1201b5d53e.600x338.jpg?t=1645133322\", \"https://cdn.akamai.steamstatic.com/steam/apps/252490/ss_e825b087b95e51c3534383cfd75ad6e8038147c3.600x338.jpg?t=1645133322\", \"https://cdn.akamai.steamstatic.com/steam/apps/252490/ss_aaa718a3cb0696a816456283526842c4f2d6b1bc.600x338.jpg?t=1645133322\", \"https://cdn.akamai.steamstatic.com/steam/apps/252490/ss_bbf6c96e490326ec877ae548cb148e53516b5f83.600x338.jpg?t=1645133322\"], \"main\": \"https://cdn.akamai.steamstatic.com/steam/apps/252490/header.jpg?t=1645133322\"}','{\"sub\": [], \"main\": \"https://cdn.akamai.steamstatic.com/steam/apps/256684736/movie480_vp9.webm?t=1624520315\"}','\"게임에 대해&#10;Rust의 단 하나의 목적은 생존입니다.&#10;&#10;이를 위해 당신은 굶주림, 갈증, 추위와 같은 어려움들을 이겨내야 합니다. 피신처를 건설하세요. 고기를 위해 동물들을 죽이세요. 다른 플레이어들로부터 자신을 보호하고, 그들을 죽여 고기를 얻으세요. 다른 플레이어들과 동맹을 결성하고, 마을을 형성하세요.&#10;&#10;무슨 일을 해서든 생존하세요.\"','[KR]','[macOS]',NULL,NULL,NULL,'2022-02-20 07:46:31','2022-02-20 07:46:31',62703),(80,8,1,'Dyson Sphere Program','Build the most efficient intergalactic factory in space simulation strategy game Dyson Sphere Program! Harness the power of stars, collect resources, plan and design production lines and develop your interstellar factory from a small space workshop to a galaxy-wide industrial empire.','{\"KR\": 20500}',60,1,0,0,1,0,0,'{\"sub\": [\"https://cdn.akamai.steamstatic.com/steam/apps/1366540/ss_ca1c8ba11e539cbeb8f4d91f6685b0fa01ddf705.600x338.jpg?t=1642742090\", \"https://cdn.akamai.steamstatic.com/steam/apps/1366540/ss_36242c2930a50355982a0da128f37e23e25a1047.600x338.jpg?t=1642742090\", \"https://cdn.akamai.steamstatic.com/steam/apps/1366540/ss_602b6ca003277c4a70f63bd723a494a5558e1aee.600x338.jpg?t=1642742090\", \"https://cdn.akamai.steamstatic.com/steam/apps/1366540/ss_7b635ae1ca6d88b52fca183407f06cfd94850b26.600x338.jpg?t=1642742090\", \"https://cdn.akamai.steamstatic.com/steam/apps/1366540/ss_b5fdcae44ab61e86820d156a74bd030b4782b8a8.600x338.jpg?t=1642742090\"], \"main\": \"https://cdn.akamai.steamstatic.com/steam/apps/1366540/header.jpg?t=1642742090\"}','{\"sub\": [], \"main\": \"https://cdn.akamai.steamstatic.com/steam/apps/256817725/movie480_vp9.webm?t=1610275897\"}','\"게임에 대해&#10;&#10;&#10;Dyson Sphere Program is a sci-fi simulation game with space, adventure, exploration and factory automation elements where you can build your own galactic industrial empire from scratch.&#10;&#10;&#10;&#10;In the distant future, the power of science and technology has ushered a new age to the human race. Space and time have become irrelevant thanks to virtual reality. A new kind of supercomputer has been developed – a machine whose superior artificial intelligence and computing capability will push humanity even further. There is only one problem: there isn’t enough energy in the whole planet to feed this machine.&#10;&#10;&#10;&#10;You are a space engineer in charge of a project launched by the space alliance COSMO, tasked with a massive undertaking: constructing Dyson Spheres (a megastructure that would orbit around a star, harnessing all its power and energy) to produce the energy that humanity needs. Only a few decades ago, Dyson Spheres were considered a hypothetical, impossible invention – but now it’s in your hands… Will you be able to turn a backwater space workshop into a galaxy-wide industrial production empire?&#10;&#10;&#10;Neutron stars, white dwarfs, red giants, gaseous and rocky planets… There is a big and varied universe out there, waiting for you to gather all its resources.&#10;&#10;&#10;&#10;Every playthrough will be unique: your universe will be procedurally generated every time you start a new game. There will be different types and distribution of stars, planets and resources. Will you manage to thrive and build your Spheres, no matter what the universe throws at you?&#10;&#10;&#10;&#10;&#10;As a space engineer, you are expected to design your interstellar factory and production lines, not to micromanage every small package going back and forth. You have to transport materials from one planet to another, forming interstellar transport teams that gather resources and bring them to where they are needed.&#10;&#10;&#10;&#10;&#10;Then, your resources can be transported between facilities through conveyor belts, and you’ve got the technology to help your buildings fit the grid automatically during the construction process. You’ve got the best tools COSMO can afford to build a massive-scale automated production line – the most efficient one ever seen in the universe!&#10;&#10;&#10;&#10;&#10;&#10;Build a galactic industrial empire from scratch: start with a small workshop and improve it until it spans the whole galaxy&#10;&#10;Develop your very own Dyson Spheres, a megastructure that orbits around a star harnessing all its power and energy, from the first screw to its completion&#10;&#10;Explore a vast universe procedurally generated with all kinds of celestial bodies: neutron stars, white dwarfs, red giants…&#10;&#10;Gather resources in planets of all types: ocean, lava, desert, frozen, gaseous planets…&#10;&#10;Research new technologies to improve your factories… and discover the secrets of the universe&#10;&#10;Enhance mecha fly, sail or jump through outer space and planets&#10;&#10;Transport materials across the galaxy to your facilities: thousands of transport ships will flow endlessly to your factories and back!&#10;&#10;Design the most efficient automated factory and production line&#10;&#10;Customize your factory and Dyson Sphere to make it unique&#10;&#10;Design a balanced power network capable of producing energy in all kinds of power plants like wind turbines, artificial stars, etc.&#10;&#10;&#10;We are a five-person team from Chongqing, China. For the love of sci-fi, we&#39;ve created this game Dyson Sphere Program. Perhaps Dyson Sphere has already appeared in many games, but this time we hope that players can build it step by step with your own hands.\"','[KR]','[Window,macOs]',NULL,NULL,NULL,'2022-02-20 07:46:47','2022-02-20 07:46:47',58616),(81,1,1,'로스트 아크','','{\"KR\": 0}',0,1,0,0,1,0,0,'{\"sub\": [\"http://fortice.iptime.org/images/leonhart.jpg\", \"http://fortice.iptime.org/images/boss.jpg\", \"http://fortice.iptime.org/images/doaga.jpg\", \"http://fortice.iptime.org/images/daemonic.jpg\", \"http://fortice.iptime.org/images/user.jpg\"], \"main\": \"http://fortice.iptime.org/images/main.jpg\"}','{\"sub\": [], \"main\": \"\"}',NULL,'[KR]','[Window]',NULL,NULL,NULL,'2022-02-20 10:34:38','2022-02-20 10:35:20',1300000);
/*!40000 ALTER TABLE `game` ENABLE KEYS */;
UNLOCK TABLES;

--
-- Table structure for table `game_category`
--

DROP TABLE IF EXISTS `game_category`;
/*!40101 SET @saved_cs_client     = @@character_set_client */;
/*!50503 SET character_set_client = utf8mb4 */;
CREATE TABLE `game_category` (
  `idx` int NOT NULL AUTO_INCREMENT,
  `game_id` int DEFAULT NULL,
  `category_id` int DEFAULT NULL,
  PRIMARY KEY (`idx`),
  UNIQUE KEY `ids_UNIQUE` (`idx`)
) ENGINE=InnoDB AUTO_INCREMENT=126 DEFAULT CHARSET=utf8mb4 COLLATE=utf8mb4_0900_ai_ci;
/*!40101 SET character_set_client = @saved_cs_client */;

--
-- Dumping data for table `game_category`
--

LOCK TABLES `game_category` WRITE;
/*!40000 ALTER TABLE `game_category` DISABLE KEYS */;
INSERT INTO `game_category` VALUES (1,1,1),(2,1,2),(3,1,3),(4,2,1),(5,2,4),(6,3,1),(7,4,7),(8,5,8),(9,6,6),(10,8,1),(11,9,1),(12,10,1),(13,11,1),(14,12,1),(15,13,1),(16,14,1),(17,15,1),(18,16,1),(19,17,1),(20,18,1),(21,19,1),(22,20,1),(23,21,1),(24,22,1),(25,24,3),(26,25,3),(27,26,3),(28,27,3),(29,28,3),(30,29,3),(31,30,3),(32,31,3),(33,32,3),(34,33,3),(35,34,3),(36,35,3),(37,36,3),(38,37,3),(39,38,3),(40,39,3),(41,40,3),(42,41,7),(43,42,7),(44,43,7),(45,44,7),(46,45,7),(47,46,7),(48,47,7),(49,48,7),(50,49,7),(51,50,7),(52,51,7),(53,52,7),(54,53,7),(55,54,7),(56,55,7),(57,56,7),(58,57,7),(59,58,7),(60,59,7),(61,60,7),(62,61,10),(63,62,10),(64,63,10),(65,64,10),(66,65,10),(67,66,10),(68,67,10),(69,68,10),(70,69,10),(71,70,10),(72,71,10),(73,72,10),(74,73,10),(75,74,10),(76,75,10),(77,76,10),(78,77,10),(79,78,10),(80,79,10),(81,80,10),(82,61,11),(83,62,12),(84,63,11),(85,64,12),(86,65,11),(87,66,12),(88,67,12),(89,68,11),(90,69,12),(91,70,11),(92,71,11),(93,72,11),(94,73,12),(95,60,8),(96,61,12),(97,62,11),(98,63,12),(99,24,4),(100,25,4),(101,26,4),(102,27,4),(103,28,4),(104,29,4),(105,30,5),(106,31,5),(107,32,5),(108,33,5),(109,34,5),(110,35,5),(111,36,5),(112,37,5),(113,38,5),(114,39,6),(115,40,6),(116,24,5),(117,25,5),(118,26,5),(119,27,5),(120,28,5),(121,29,5),(122,30,6),(123,31,6),(124,32,6),(125,33,6);
/*!40000 ALTER TABLE `game_category` ENABLE KEYS */;
UNLOCK TABLES;

--
-- Table structure for table `giftcard`
--

DROP TABLE IF EXISTS `giftcard`;
/*!40101 SET @saved_cs_client     = @@character_set_client */;
/*!50503 SET character_set_client = utf8mb4 */;
CREATE TABLE `giftcard` (
  `idx` int NOT NULL AUTO_INCREMENT,
  `name` varchar(40) NOT NULL,
  `price` int NOT NULL,
  `country` char(2) NOT NULL,
  PRIMARY KEY (`idx`),
  UNIQUE KEY `name_UNIQUE` (`name`)
) ENGINE=InnoDB AUTO_INCREMENT=5 DEFAULT CHARSET=utf8mb4 COLLATE=utf8mb4_0900_ai_ci;
/*!40101 SET character_set_client = @saved_cs_client */;

--
-- Dumping data for table `giftcard`
--

LOCK TABLES `giftcard` WRITE;
/*!40000 ALTER TABLE `giftcard` DISABLE KEYS */;
INSERT INTO `giftcard` VALUES (1,'5000원',5000,'KR'),(2,'10000원',10000,'KR'),(3,'30000원',30000,'KR'),(4,'50000원',50000,'KR');
/*!40000 ALTER TABLE `giftcard` ENABLE KEYS */;
UNLOCK TABLES;

--
-- Table structure for table `guest_book`
--

DROP TABLE IF EXISTS `guest_book`;
/*!40101 SET @saved_cs_client     = @@character_set_client */;
/*!50503 SET character_set_client = utf8mb4 */;
CREATE TABLE `guest_book` (
  `idx` int NOT NULL AUTO_INCREMENT,
  `user_id` int NOT NULL,
  `guest_id` int NOT NULL,
  `displayed_name` varchar(20) NOT NULL,
  `content` text NOT NULL,
  `created_at` datetime DEFAULT CURRENT_TIMESTAMP,
  `updated_at` datetime DEFAULT CURRENT_TIMESTAMP ON UPDATE CURRENT_TIMESTAMP,
  PRIMARY KEY (`idx`),
  KEY `FK_guest_book_user_idx` (`user_id`),
  KEY `FK_guest_book_user_f_idx` (`guest_id`),
  CONSTRAINT `FK_guest_book_user` FOREIGN KEY (`user_id`) REFERENCES `user` (`idx`) ON DELETE CASCADE ON UPDATE CASCADE,
  CONSTRAINT `FK_guest_book_user_g` FOREIGN KEY (`guest_id`) REFERENCES `user` (`idx`)
) ENGINE=InnoDB AUTO_INCREMENT=27 DEFAULT CHARSET=utf8mb4 COLLATE=utf8mb4_0900_ai_ci;
/*!40101 SET character_set_client = @saved_cs_client */;

--
-- Dumping data for table `guest_book`
--

LOCK TABLES `guest_book` WRITE;
/*!40000 ALTER TABLE `guest_book` DISABLE KEYS */;
INSERT INTO `guest_book` VALUES (1,68,1,'test','sdafa','2022-01-25 17:50:59','2022-02-17 08:12:15'),(2,68,2,'user2','예시로 넣었다','2022-02-09 02:02:16','2022-02-17 08:12:15'),(3,68,1,'test','hihi','2022-02-09 11:35:53','2022-02-17 08:12:15'),(4,68,1,'test','','2022-02-09 11:41:46','2022-02-17 08:12:15'),(5,68,1,'test','','2022-02-09 11:41:52','2022-02-17 08:12:15'),(6,68,1,'test','','2022-02-09 11:41:52','2022-02-17 08:12:15'),(7,68,1,'test','test','2022-02-09 11:45:03','2022-02-17 08:12:15'),(8,68,1,'test','hi','2022-02-09 11:45:25','2022-02-17 08:12:15'),(9,68,1,'test','hi','2022-02-09 11:45:26','2022-02-17 08:12:15'),(10,68,1,'test','hi','2022-02-09 11:45:27','2022-02-17 08:12:15'),(11,68,1,'test','hi','2022-02-09 11:45:27','2022-02-17 08:12:15'),(12,68,1,'test','hi','2022-02-09 11:46:17','2022-02-17 08:12:15'),(13,68,1,'test','수정 테스트','2022-02-09 11:46:32','2022-02-17 08:12:15'),(14,5,1,'user4','aaaa','2022-02-10 11:21:56','2022-02-10 11:21:56'),(15,5,1,'user4','','2022-02-10 11:49:24','2022-02-10 11:49:24'),(16,1,1,'test','ㅋㅋㅋㅋㅋㅋ','2022-02-10 11:55:39','2022-02-11 13:46:30'),(17,1,1,'test','ㅇㅇㅇㅇㅇㅇㅇ','2022-02-10 11:57:34','2022-02-11 13:46:13'),(18,1,1,'test','수정할래','2022-02-10 14:05:39','2022-02-11 13:49:32'),(19,1,1,'test','안녕','2022-02-11 13:41:51','2022-02-11 13:41:51'),(20,67,67,'front1','asdfa','2022-02-19 22:52:37','2022-02-19 22:52:37'),(21,67,67,'front1','dfadasf','2022-02-19 22:54:42','2022-02-19 22:54:42'),(22,67,67,'front1','fadsf','2022-02-19 22:55:49','2022-02-19 22:55:49'),(23,67,67,'front1','af','2022-02-19 22:59:41','2022-02-19 22:59:41'),(24,67,67,'모코코','안녕','2022-02-20 21:54:20','2022-02-20 21:54:20'),(25,67,67,'모코코','아이이이잉잉','2022-02-21 08:23:46','2022-02-21 09:50:41'),(26,67,67,'모코코','fsad수정할래요fdsaf','2022-02-21 09:58:07','2022-02-21 10:00:50');
/*!40000 ALTER TABLE `guest_book` ENABLE KEYS */;
UNLOCK TABLES;

--
-- Table structure for table `library`
--

DROP TABLE IF EXISTS `library`;
/*!40101 SET @saved_cs_client     = @@character_set_client */;
/*!50503 SET character_set_client = utf8mb4 */;
CREATE TABLE `library` (
  `idx` int NOT NULL AUTO_INCREMENT,
  `user_id` int NOT NULL,
  `game_id` int NOT NULL,
  `is_visible` tinyint(1) DEFAULT '1',
  `play_time` int NOT NULL,
  `created_at` datetime DEFAULT CURRENT_TIMESTAMP,
  `updated_at` datetime DEFAULT CURRENT_TIMESTAMP ON UPDATE CURRENT_TIMESTAMP,
  `map` varchar(255) DEFAULT NULL,
  `is_installed` tinyint(1) NOT NULL DEFAULT '0',
  PRIMARY KEY (`idx`),
  UNIQUE KEY `UNIQUE_library` (`user_id`,`game_id`),
  KEY `FK_library_user_idx` (`user_id`),
  KEY `FK_library_game_idx` (`game_id`),
  CONSTRAINT `FK8ffwcvwek59iy4kg3i4u180bk` FOREIGN KEY (`user_id`) REFERENCES `user` (`idx`),
  CONSTRAINT `FK_library_game` FOREIGN KEY (`game_id`) REFERENCES `game` (`idx`),
  CONSTRAINT `FK_library_user` FOREIGN KEY (`user_id`) REFERENCES `user` (`idx`) ON DELETE CASCADE ON UPDATE CASCADE
) ENGINE=InnoDB AUTO_INCREMENT=28 DEFAULT CHARSET=utf8mb4 COLLATE=utf8mb4_0900_ai_ci;
/*!40101 SET character_set_client = @saved_cs_client */;

--
-- Dumping data for table `library`
--

LOCK TABLES `library` WRITE;
/*!40000 ALTER TABLE `library` DISABLE KEYS */;
INSERT INTO `library` VALUES (7,1,1,1,0,'2022-02-03 16:28:30','2022-02-12 16:07:36',NULL,0),(8,1,2,1,0,'2022-02-03 16:28:30','2022-02-12 10:28:22',NULL,0),(9,1,3,1,0,'2022-02-03 16:28:30','2022-02-12 10:28:22',NULL,0),(10,1,6,1,0,'2022-02-08 19:35:59','2022-02-12 10:28:22',NULL,0),(11,52,6,1,0,'2022-02-14 21:45:06','2022-02-14 21:45:06',NULL,0),(14,52,5,1,0,'2022-02-14 22:19:15','2022-02-14 22:19:15',NULL,0),(15,52,2,1,0,'2022-02-15 10:07:25','2022-02-15 10:07:25',NULL,0),(16,59,5,1,0,'2022-02-15 17:37:04','2022-02-15 17:37:04',NULL,0),(17,59,6,1,0,'2022-02-15 17:37:04','2022-02-15 17:37:04',NULL,0),(18,52,4,1,0,'2022-02-17 17:53:19','2022-02-17 17:53:19',NULL,0),(19,59,11,1,0,'2022-02-18 16:38:18','2022-02-18 16:38:18',NULL,0),(20,59,18,1,0,'2022-02-18 21:50:31','2022-02-20 09:50:43',NULL,0),(21,72,17,1,0,'2022-02-19 22:19:57','2022-02-19 22:19:57',NULL,0),(22,72,15,1,0,'2022-02-19 22:27:14','2022-02-19 22:27:14',NULL,0),(23,72,21,1,0,'2022-02-19 22:30:09','2022-02-19 22:30:09',NULL,0),(24,72,24,1,0,'2022-02-19 22:34:04','2022-02-19 22:34:04',NULL,0),(25,52,18,1,0,'2022-02-20 00:53:22','2022-02-20 09:51:33',NULL,0),(26,59,36,1,0,'2022-02-20 18:14:08','2022-02-20 18:14:08',NULL,0),(27,76,72,1,0,'2022-02-20 20:40:00','2022-02-20 20:40:00',NULL,0);
/*!40000 ALTER TABLE `library` ENABLE KEYS */;
UNLOCK TABLES;

--
-- Table structure for table `publisher`
--

DROP TABLE IF EXISTS `publisher`;
/*!40101 SET @saved_cs_client     = @@character_set_client */;
/*!50503 SET character_set_client = utf8mb4 */;
CREATE TABLE `publisher` (
  `idx` int NOT NULL AUTO_INCREMENT,
  `user_id` int NOT NULL,
  `name` varchar(30) NOT NULL,
  `title` varchar(100) NOT NULL,
  `description` text NOT NULL,
  `is_contracted` tinyint(1) DEFAULT '0',
  `created_at` datetime DEFAULT CURRENT_TIMESTAMP,
  `updated_at` datetime DEFAULT CURRENT_TIMESTAMP ON UPDATE CURRENT_TIMESTAMP,
  PRIMARY KEY (`idx`),
  UNIQUE KEY `user_id_UNIQUE` (`user_id`),
  KEY `FK_publisher_user_idx` (`user_id`),
  CONSTRAINT `FK_publisher_user` FOREIGN KEY (`user_id`) REFERENCES `user` (`idx`) ON DELETE CASCADE ON UPDATE CASCADE
) ENGINE=InnoDB AUTO_INCREMENT=6 DEFAULT CHARSET=utf8mb4 COLLATE=utf8mb4_0900_ai_ci;
/*!40101 SET character_set_client = @saved_cs_client */;

--
-- Dumping data for table `publisher`
--

LOCK TABLES `publisher` WRITE;
/*!40000 ALTER TABLE `publisher` DISABLE KEYS */;
INSERT INTO `publisher` VALUES (1,1,'FOR','개발하자','우리는 누굴까',1,'2022-01-14 16:59:19','2022-01-14 17:00:31'),(2,2,'TICE','우리','알 수 없어',1,'2022-01-14 16:59:19','2022-01-14 17:00:31'),(3,3,'Smilegate','스마일게이트 인디게임','소셜 창작 소통 글로벌',1,'2022-01-14 16:59:19','2022-01-14 17:00:31'),(4,4,'PubG','펍지 카카오팀','배그최고입니다',1,'2022-02-18 06:06:12','2022-02-18 06:06:12'),(5,5,'Nexon','넥슨 게임 개발팀','모바일 시장',1,'2022-02-18 06:06:12','2022-02-18 06:06:12');
/*!40000 ALTER TABLE `publisher` ENABLE KEYS */;
UNLOCK TABLES;

--
-- Table structure for table `purchase_log`
--

DROP TABLE IF EXISTS `purchase_log`;
/*!40101 SET @saved_cs_client     = @@character_set_client */;
/*!50503 SET character_set_client = utf8mb4 */;
CREATE TABLE `purchase_log` (
  `idx` int NOT NULL AUTO_INCREMENT,
  `user_id` int NOT NULL,
  `game_id` int NOT NULL,
  `price` double NOT NULL,
  `sale` int DEFAULT '0',
  `country` char(2) NOT NULL,
  `created_at` datetime DEFAULT CURRENT_TIMESTAMP,
  PRIMARY KEY (`idx`),
  KEY `FK_purchase_log_user_idx` (`user_id`),
  KEY `FK_purchase_log_game_idx` (`game_id`),
  CONSTRAINT `FK_purchase_log_game` FOREIGN KEY (`game_id`) REFERENCES `game` (`idx`),
  CONSTRAINT `FK_purchase_log_user` FOREIGN KEY (`user_id`) REFERENCES `user` (`idx`)
) ENGINE=InnoDB DEFAULT CHARSET=utf8mb4 COLLATE=utf8mb4_0900_ai_ci;
/*!40101 SET character_set_client = @saved_cs_client */;

--
-- Dumping data for table `purchase_log`
--

LOCK TABLES `purchase_log` WRITE;
/*!40000 ALTER TABLE `purchase_log` DISABLE KEYS */;
/*!40000 ALTER TABLE `purchase_log` ENABLE KEYS */;
UNLOCK TABLES;

--
-- Table structure for table `review`
--

DROP TABLE IF EXISTS `review`;
/*!40101 SET @saved_cs_client     = @@character_set_client */;
/*!50503 SET character_set_client = utf8mb4 */;
CREATE TABLE `review` (
  `idx` int NOT NULL AUTO_INCREMENT,
  `user_id` int NOT NULL,
  `game_id` int NOT NULL,
  `displayed_name` varchar(10) DEFAULT NULL,
  `content` text NOT NULL,
  `recommendation` tinyint(1) DEFAULT '1',
  `created_at` datetime DEFAULT CURRENT_TIMESTAMP,
  `updated_at` datetime DEFAULT CURRENT_TIMESTAMP ON UPDATE CURRENT_TIMESTAMP,
  PRIMARY KEY (`idx`),
  UNIQUE KEY `UNIQUE_review` (`user_id`,`game_id`),
  KEY `FK_review_game_idx` (`game_id`),
  KEY `FK_review_user_idx` (`user_id`),
  CONSTRAINT `FK_review_game` FOREIGN KEY (`game_id`) REFERENCES `game` (`idx`) ON UPDATE CASCADE,
  CONSTRAINT `FK_review_user` FOREIGN KEY (`user_id`) REFERENCES `user` (`idx`) ON UPDATE CASCADE
) ENGINE=InnoDB AUTO_INCREMENT=23 DEFAULT CHARSET=utf8mb4 COLLATE=utf8mb4_0900_ai_ci;
/*!40101 SET character_set_client = @saved_cs_client */;

--
-- Dumping data for table `review`
--

LOCK TABLES `review` WRITE;
/*!40000 ALTER TABLE `review` DISABLE KEYS */;
INSERT INTO `review` VALUES (1,1,1,'장성현','아 재밌따',1,'2022-01-19 08:25:23','2022-01-19 08:25:23'),(2,2,1,'한태현','재밌따',0,'2022-01-19 08:25:23','2022-02-18 12:24:29'),(3,3,1,'밀크','난 노잼',0,'2022-02-18 12:09:21','2022-02-18 12:09:21'),(4,4,1,'milk','엥 난 재밌씀',1,'2022-02-18 12:10:08','2022-02-18 12:10:08'),(6,6,1,'ㄴㄴㄴ','웩',0,'2022-02-18 12:13:01','2022-02-18 12:13:01'),(8,1,2,'장성현','이건 노잼',0,'2022-02-18 12:39:26','2022-02-18 12:39:26'),(9,2,2,'한태현','왜왜',1,'2022-02-18 12:40:47','2022-02-18 12:40:47'),(10,1,10,'test','Hello',0,'2022-02-19 14:01:11','2022-02-19 14:10:50'),(11,1,5,'test','재미엄써요',0,'2022-02-19 14:16:01','2022-02-19 14:16:01'),(12,67,6,'front1','sdff',1,'2022-02-19 14:26:36','2022-02-20 03:37:13'),(13,67,9,'front1','sdf',1,'2022-02-19 14:33:44','2022-02-20 09:21:38'),(14,67,12,'front1','dkssuddsaf',0,'2022-02-20 03:05:52','2022-02-20 03:05:52'),(19,67,15,'front1','sdfsdfds',0,'2022-02-20 03:32:50','2022-02-20 03:32:57'),(20,67,25,'front1','sdaf',1,'2022-02-20 03:35:12','2022-02-20 03:35:12'),(21,67,39,'모코코','sdafsdf',1,'2022-02-20 12:03:27','2022-02-20 12:12:23'),(22,10,39,'테스트야','게임이 좋아',0,'2022-02-20 12:05:43','2022-02-20 12:05:43');
/*!40000 ALTER TABLE `review` ENABLE KEYS */;
UNLOCK TABLES;

--
-- Table structure for table `user`
--

DROP TABLE IF EXISTS `user`;
/*!40101 SET @saved_cs_client     = @@character_set_client */;
/*!50503 SET character_set_client = utf8mb4 */;
CREATE TABLE `user` (
  `idx` int NOT NULL AUTO_INCREMENT,
  `email` varchar(60) NOT NULL,
  `password` char(60) NOT NULL,
  `username` varchar(30) NOT NULL,
  `nickname` varchar(20) NOT NULL,
  `role` tinyint NOT NULL,
  `money` double DEFAULT '0',
  `profile` json DEFAULT NULL,
  `language` char(2) DEFAULT 'KR',
  `country` char(2) DEFAULT 'KR',
  `map` json DEFAULT NULL,
  `logined_ip` varchar(15) DEFAULT NULL,
  `created_at` datetime DEFAULT CURRENT_TIMESTAMP,
  `accessed_at` datetime DEFAULT CURRENT_TIMESTAMP,
  `updated_at` datetime DEFAULT CURRENT_TIMESTAMP ON UPDATE CURRENT_TIMESTAMP,
  `deleted_at` datetime DEFAULT NULL,
  PRIMARY KEY (`idx`),
  UNIQUE KEY `nickname_UNIQUE` (`nickname`),
  UNIQUE KEY `email_UNIQUE` (`email`)
) ENGINE=InnoDB AUTO_INCREMENT=79 DEFAULT CHARSET=utf8mb4 COLLATE=utf8mb4_0900_ai_ci;
/*!40101 SET character_set_client = @saved_cs_client */;

--
-- Dumping data for table `user`
--

LOCK TABLES `user` WRITE;
/*!40000 ALTER TABLE `user` DISABLE KEYS */;
INSERT INTO `user` VALUES (1,'test@test.com','13121203041023012301401204102301','test1','test',1,229808,'{\"image\": \"http://fortice.iptime.org/images/I-nou_Pose.png\", \"description\": \"\"}','KR','KR','{\"side\": 20, \"games\": {\"1\": {\"x\": 1, \"y\": 1, \"name\": \"skull\"}}, \"objects\": {}, \"gameList\": [\"1\"], \"objectList\": []}',NULL,'2022-01-13 21:09:23','2022-01-13 21:09:23','2022-02-20 08:06:19',NULL),(2,'user2@user.com','12312412312314123','user2','user2',0,25000,'{\"image\": \"http://fortice.iptime.org/images/Cloody_Pose.png\", \"description\": \"\"}','KR','KR','{\"side\": 5, \"games\": {}, \"objects\": {}, \"gameList\": [], \"objectList\": []}',NULL,'2022-01-14 16:57:09','2022-01-14 16:57:09','2022-02-20 08:06:19',NULL),(3,'test1@gmail.com','$2b$12$S.9bCez8.Nipgtks3CWM6uYD0eM0wgLIDCLCVKF9AgIAHv5EyZIIe','user4','nick4',1,0,'{\"image\": \"http://fortice.iptime.org/images/Dutti_Pose.png\", \"description\": \"\"}','KR','KR','{\"side\": 5, \"games\": {}, \"objects\": {}, \"gameList\": [], \"objectList\": []}',NULL,'2022-01-27 08:04:09','2022-01-27 08:04:09','2022-02-20 08:06:19',NULL),(4,'user3@user.com','12312412312314123','user3','user3',1,10000,'{\"image\": \"http://fortice.iptime.org/images/Flame_Pose.png\", \"description\": \"\"}','KR','KR',NULL,NULL,'2022-01-14 16:57:09','2022-01-14 16:57:09','2022-02-20 08:06:19',NULL),(5,'user4@user.com','12312412312314123','user4','user4',1,4444,'{\"image\": \"http://fortice.iptime.org/images/Inno_Pose.png\", \"description\": \"\"}','KR','KR',NULL,NULL,'2022-01-25 08:40:31','2022-01-25 08:40:31','2022-02-20 08:06:19',NULL),(6,'user5@user.com','12312412312314123','user5','user5',1,10000,'{\"image\": \"http://fortice.iptime.org/images/Intoo_Pose.png\", \"description\": \"\"}','KR','KR',NULL,NULL,'2022-01-14 16:57:09','2022-01-14 16:57:09','2022-02-20 08:06:19',NULL),(7,'user6@user.com','12312412312314123','user6','user6',1,4444,'{\"image\": \"http://fortice.iptime.org/images/Mini_Pose.png\", \"description\": \"\"}','KR','KR','{\"side\": 20, \"games\": {}, \"objects\": {}, \"gameList\": [], \"objectList\": []}',NULL,'2022-01-25 08:40:31','2022-01-25 08:40:31','2022-02-20 08:06:19',NULL),(8,'user7@user.com','12312412312314123','user7','user7',1,10000,'{\"image\": \"http://fortice.iptime.org/images/Mmuni_Pose.png\", \"description\": \"\"}','KR','KR',NULL,NULL,'2022-01-14 16:57:09','2022-01-14 16:57:09','2022-02-20 08:06:19',NULL),(9,'user8@user.com','12312412312314123','user8','user8',1,4444,'{\"image\": \"http://fortice.iptime.org/images/Vini_Pose.png\", \"description\": \"\"}','KR','KR','{\"side\": 20, \"games\": {}, \"objects\": {}, \"gameList\": [], \"objectList\": []}',NULL,'2022-01-25 08:40:31','2022-01-25 08:40:31','2022-02-20 08:06:19',NULL),(10,'user9@user.com','12312412312314123','user9','user9',1,10000,'{\"image\": \"http://fortice.iptime.org/images/Wiz_Pose.png\", \"description\": \"\"}','KR','KR',NULL,NULL,'2022-01-14 16:57:09','2022-01-14 16:57:09','2022-02-20 08:06:19',NULL),(11,'user10@user.com','12312412312314123','user10','user10',1,4444,'{\"image\": \"http://fortice.iptime.org/images/I-nou_Pose.png\", \"description\": \"\"}','KR','KR',NULL,NULL,'2022-01-25 08:40:31','2022-01-25 08:40:31','2022-02-20 08:06:20',NULL),(12,'test11@gmail.com','$2a$12$kpHTOlmxxX/92jn9Y5qMVumRRv.AMmxLCEGZN9zgh8mDHRyOa.bqu','user11','nick11',1,0,'{\"image\": \"http://fortice.iptime.org/images/Cloody_Pose.png\", \"description\": \"\"}','KR','KR',NULL,NULL,'2022-02-06 08:11:01','2022-02-06 08:11:01','2022-02-20 08:06:20',NULL),(13,'test12@gmail.com','$2a$12$tJU1NAW8Ue2M26d3C27ALesN.xD2Kec3tCmBSFNMcXCzoEcN6Kr5e','user12','nick12',1,0,'{\"image\": \"http://fortice.iptime.org/images/Dutti_Pose.png\", \"description\": \"\"}','KR','KR',NULL,NULL,'2022-02-06 08:50:39','2022-02-06 08:50:39','2022-02-20 08:06:20',NULL),(14,'test14@gmail.com','$2a$12$1XkOcLAmsdEY0T4GsRce9O0lEg89kJDWa9Dch0BrvtwLejrG7Khta','user14','nick14',1,0,'{\"image\": \"http://fortice.iptime.org/images/Flame_Pose.png\", \"description\": \"\"}','KR','KR','{\"side\": 20, \"games\": {}, \"objects\": {}, \"gameList\": [], \"objectList\": []}',NULL,'2022-02-06 08:51:55','2022-02-06 08:51:55','2022-02-20 08:06:20',NULL),(15,'test15@gmail.com','$2a$12$gQyKF775emMsiQ0/jFHLge0WxBU1.fc6BQB1FHJd9I.bdCF0KIRBW','user15','nick15',1,0,'{\"image\": \"http://fortice.iptime.org/images/Inno_Pose.png\", \"description\": \"\"}','KR','KR',NULL,NULL,'2022-02-06 08:52:03','2022-02-06 08:52:03','2022-02-20 08:06:20',NULL),(16,'user16@test.com','test','user16','user16',1,0,'{\"image\": \"http://fortice.iptime.org/images/Intoo_Pose.png\", \"description\": \"\"}','KR','KR',NULL,NULL,'2022-02-07 05:04:42','2022-02-07 05:04:42','2022-02-20 08:06:20',NULL),(17,'user17@test.com','test','user17','user17',1,0,'{\"image\": \"http://fortice.iptime.org/images/Mini_Pose.png\", \"description\": \"\"}','KR','KR',NULL,NULL,'2022-02-07 05:04:42','2022-02-07 05:04:42','2022-02-20 08:06:20',NULL),(18,'user18@test.com','test','user18','user18',1,0,'{\"image\": \"http://fortice.iptime.org/images/Mmuni_Pose.png\", \"description\": \"\"}','KR','KR',NULL,NULL,'2022-02-07 05:04:42','2022-02-07 05:04:42','2022-02-20 08:06:20',NULL),(19,'user19@test.com','test','user19','user19',1,0,'{\"image\": \"http://fortice.iptime.org/images/Vini_Pose.png\", \"description\": \"\"}','KR','KR',NULL,NULL,'2022-02-07 05:04:42','2022-02-07 05:04:42','2022-02-20 08:06:20',NULL),(20,'user20@test.com','test','user20','user20',1,0,'{\"image\": \"http://fortice.iptime.org/images/Wiz_Pose.png\", \"description\": \"\"}','KR','KR',NULL,NULL,'2022-02-07 05:04:42','2022-02-07 05:04:42','2022-02-20 08:06:20',NULL),(21,'user21@test.com','test','user21','user21',1,0,'{\"image\": \"http://fortice.iptime.org/images/I-nou_Pose.png\", \"description\": \"\"}','KR','KR',NULL,NULL,'2022-02-07 05:04:42','2022-02-07 05:04:42','2022-02-20 08:06:20',NULL),(22,'user22@test.com','test','user22','user22',1,0,'{\"image\": \"http://fortice.iptime.org/images/Cloody_Pose.png\", \"description\": \"\"}','KR','KR','{\"side\": 20, \"games\": {}, \"objects\": {}, \"gameList\": [], \"objectList\": []}',NULL,'2022-02-07 05:04:43','2022-02-07 05:04:43','2022-02-20 08:06:20',NULL),(23,'user23@test.com','test','user23','user23',1,0,'{\"image\": \"http://fortice.iptime.org/images/Dutti_Pose.png\", \"description\": \"\"}','KR','KR',NULL,NULL,'2022-02-07 05:04:43','2022-02-07 05:04:43','2022-02-20 08:06:20',NULL),(24,'user24@test.com','test','user24','user24',1,0,'{\"image\": \"http://fortice.iptime.org/images/Flame_Pose.png\", \"description\": \"\"}','KR','KR','{\"side\": 20, \"games\": {}, \"objects\": {}, \"gameList\": [], \"objectList\": []}',NULL,'2022-02-07 05:04:43','2022-02-07 05:04:43','2022-02-20 08:06:20',NULL),(25,'user25@test.com','test','user25','user25',1,0,'{\"image\": \"http://fortice.iptime.org/images/Inno_Pose.png\", \"description\": \"\"}','KR','KR','{\"side\": 20, \"games\": {}, \"objects\": {}, \"gameList\": [], \"objectList\": []}',NULL,'2022-02-07 05:04:43','2022-02-07 05:04:43','2022-02-20 08:06:20',NULL),(26,'user26@test.com','test','user26','user26',1,0,'{\"image\": \"http://fortice.iptime.org/images/Intoo_Pose.png\", \"description\": \"\"}','KR','KR',NULL,NULL,'2022-02-07 05:04:43','2022-02-07 05:04:43','2022-02-20 08:06:20',NULL),(27,'user27@test.com','test','user27','user27',1,0,'{\"image\": \"http://fortice.iptime.org/images/Mini_Pose.png\", \"description\": \"\"}','KR','KR',NULL,NULL,'2022-02-07 05:04:43','2022-02-07 05:04:43','2022-02-20 08:06:20',NULL),(28,'user28@test.com','test','user28','user28',1,0,'{\"image\": \"http://fortice.iptime.org/images/Mmuni_Pose.png\", \"description\": \"\"}','KR','KR',NULL,NULL,'2022-02-07 05:04:43','2022-02-07 05:04:43','2022-02-20 08:06:20',NULL),(29,'user29@test.com','test','user29','user29',1,0,'{\"image\": \"http://fortice.iptime.org/images/Vini_Pose.png\", \"description\": \"\"}','KR','KR','{\"side\": 20, \"games\": {}, \"objects\": {}, \"gameList\": [], \"objectList\": []}',NULL,'2022-02-07 05:04:43','2022-02-07 05:04:43','2022-02-20 08:06:20',NULL),(30,'user30@test.com','test','user30','user30',1,0,'{\"image\": \"http://fortice.iptime.org/images/Wiz_Pose.png\", \"description\": \"\"}','KR','KR',NULL,NULL,'2022-02-07 05:04:43','2022-02-07 05:04:43','2022-02-20 08:06:20',NULL),(31,'user31@test.com','test','user31','user31',1,0,'{\"image\": \"http://fortice.iptime.org/images/I-nou_Pose.png\", \"description\": \"\"}','KR','KR',NULL,NULL,'2022-02-07 05:04:43','2022-02-07 05:04:43','2022-02-20 08:06:20',NULL),(40,'raya000@naver.com','$2a$12$tGoxXXP7mea1eeb7QJhvwOyca7M7So73xEFuEcbB6Zf610v4X9yuy','1234','1122ddddd3d',1,0,'{\"image\": \"http://fortice.iptime.org/images/Wiz_Pose.png\", \"description\": \"\"}','KR','KR',NULL,NULL,'2022-02-07 05:58:06','2022-02-07 05:58:06','2022-02-20 08:06:20',NULL),(41,'ummae.ha@gmail.com','$2a$12$MIXRmaUysegmTcXf03Ut8OHfvNNVRJL1qBOOHqhO5Ic9kBnLM.Aaa','qwewe','qwerwwq',1,0,'{\"image\": \"http://fortice.iptime.org/images/I-nou_Pose.png\", \"description\": \"\"}','KR','KR',NULL,NULL,'2022-02-07 06:00:57','2022-02-07 06:00:57','2022-02-20 08:06:20',NULL),(42,'raya0002@naver.com','$2a$12$a5bYjS3JxXxswCH5leeAqOR2URwztpdotOj3Cb31W4vJwuWt2qri6','1234','qwe',1,0,'{\"image\": \"http://fortice.iptime.org/images/Cloody_Pose.png\", \"description\": \"\"}','EN','CN',NULL,NULL,'2022-02-07 06:11:19','2022-02-07 06:11:19','2022-02-20 08:06:20',NULL),(43,'raya0003@naver.com','$2a$12$IF3H3EsI.X8zZq4BQgrWcubWWEDgjmRb6AGCBCDUyurF52qfiGq3G','234','345',1,0,'{\"image\": \"http://fortice.iptime.org/images/Dutti_Pose.png\", \"description\": \"\"}','KR','CN',NULL,NULL,'2022-02-07 06:12:44','2022-02-07 06:12:44','2022-02-20 08:06:20',NULL),(44,'ummae.ha11@gmail.com','$2a$12$0jrq0LMXEA5.9f3PNo.7jOa7hw/DptaFWJxhjYXByP7A0sNdVBotC','qwe','asdsd',1,0,'{\"image\": \"http://fortice.iptime.org/images/Flame_Pose.png\", \"description\": \"\"}','EN','US',NULL,NULL,'2022-02-07 06:14:30','2022-02-07 06:14:30','2022-02-20 08:06:20',NULL),(45,'happy@naver.com','$2a$12$vN7pTFfhUiplCSDKh8JrZ.PBlmbN0.mduWWKCRs5g7GlkYBYtZZnW','myname','yournmae',1,0,'{\"image\": \"http://fortice.iptime.org/images/Inno_Pose.png\", \"description\": \"\"}','KR','KR',NULL,NULL,'2022-02-07 06:29:52','2022-02-07 06:29:52','2022-02-20 08:06:20',NULL),(46,'okie@naver.com','$2a$12$.cGrrCNeZo6RHho36cy/X.a1cqiDvIHseAe2f1vFyvwzBoxTiE99W','yangha','yanghakim',1,0,'{\"image\": \"http://fortice.iptime.org/images/Intoo_Pose.png\", \"description\": \"\"}','KR','KR',NULL,NULL,'2022-02-07 06:36:25','2022-02-07 06:36:25','2022-02-20 08:07:22',NULL),(47,'raya0001@naver.com','$2a$12$pQ6wVy.rDG4LLygWCsiZgObpooCm4tL9LlDpcVeuYIhp7M.EAnZbC','1234','12345',1,0,'{\"image\": \"http://fortice.iptime.org/images/Mini_Pose.png\", \"description\": \"\"}','CN','KR',NULL,NULL,'2022-02-07 08:36:51','2022-02-07 08:36:51','2022-02-20 08:07:22',NULL),(48,'raya000123@naver.com','$2a$12$eJY48dPbf1uCFzoK.Spplu1YreatFcUbhpKb10yQdemZ77WyJ30ju','lil nas x','hello0303',1,0,'{\"image\": \"http://fortice.iptime.org/images/Mmuni_Pose.png\", \"description\": \"\"}','KR','KR',NULL,NULL,'2022-02-07 08:47:25','2022-02-07 08:47:25','2022-02-20 08:07:23',NULL),(49,'test10@gmail.com','$2a$12$.XWeyVADrZVsDQ24OXnYCOzeW5vEx9EL1eAvvRpjhFHShF0aQJVKm','minjyo','minjyo',1,0,'{\"image\": \"http://fortice.iptime.org/images/Vini_Pose.png\", \"description\": \"\"}','KR','KR',NULL,NULL,'2022-02-07 10:16:13','2022-02-07 10:16:13','2022-02-20 08:07:23',NULL),(51,'test33@gmail.com','$2a$12$boKHM1JGMDenWcZ3RsGiz.d5yT0LnQPsWbzftjNQ6iHBavZKXUmv2','user33','nick33',1,0,'{\"image\": \"http://fortice.iptime.org/images/I-nou_Pose.png\", \"description\": \"\"}','KR','KR',NULL,NULL,'2022-02-09 04:31:42','2022-02-09 04:31:42','2022-02-20 08:07:24',NULL),(52,'yasmin@smilegate.com','$2a$12$/tGxAiV9xhfEf9iS7/GA.e4OGMP6RSAqmAVVGNW3uwQQ0q27NPHQC','yasmine kim','yasmin',1,49010,'{\"image\": \"http://fortice.iptime.org/images/Cloody_Pose.png\", \"description\": \"\"}','KR','KR','{\"side\": 9, \"games\": {\"5\": {\"x\": 250, \"y\": 50, \"name\": \"Marvel\'s Guardians of the Galaxy\"}}, \"objects\": {}, \"gameList\": [\"5\"], \"objectList\": []}',NULL,'2022-02-11 05:55:43','2022-02-11 05:55:43','2022-02-21 02:29:56',NULL),(53,'test35@gmail.com','$2a$12$hGhKhdyjnuC7BSmqXXffoOo/RNsA.QgYbZXlaRErNRmL6dr5hnNkC','user33','nick35',1,0,'{\"image\": \"http://fortice.iptime.org/images/Dutti_Pose.png\", \"description\": \"\"}','KR','KR',NULL,NULL,'2022-02-11 06:50:08','2022-02-11 06:50:08','2022-02-20 08:07:24',NULL),(54,'hello@2021.com','$2a$12$08qNwzKA13D2SKZcrSYfFuinPOC5jn2agWt6beiP/rmjWmaeY9iui','loco','lococo',1,0,'{\"image\": \"http://fortice.iptime.org/images/Flame_Pose.png\", \"description\": \"\"}','EN','CN',NULL,NULL,'2022-02-14 10:39:09','2022-02-14 10:39:09','2022-02-20 08:07:24',NULL),(55,'mafia@itzy.com','$2a$12$fFJa1i.OCHm8NYN9wWviZejHA5wWoRbYEFea77XlYrxBmpq1SZkHO','loco','123loco',1,0,'{\"image\": \"http://fortice.iptime.org/images/Inno_Pose.png\", \"description\": \"\"}','KR','KR',NULL,NULL,'2022-02-14 10:40:29','2022-02-14 10:40:29','2022-02-20 08:07:24',NULL),(56,'abc12ddf3@gmail.com','$2a$12$qD4w4bxgy7H/ZhQdY3nkheeX5Wg0n.L10AFjEZKcwoePS5kU8hkei','jihomin','minfffjyo',1,0,'{\"image\": \"http://fortice.iptime.org/images/Intoo_Pose.png\", \"description\": \"\"}','KR','KR',NULL,NULL,'2022-02-14 10:59:41','2022-02-14 10:59:41','2022-02-20 08:07:24',NULL),(57,'blackpink@email.cpo','$2a$12$pEXdIX0l9Wg0R88LtIbkxOYa0oVCySlelxhRiz3LfO6oaP4AjtLEy','black','pink',1,0,'{\"image\": \"http://fortice.iptime.org/images/Mini_Pose.png\", \"description\": \"\"}','KR','KR',NULL,NULL,'2022-02-14 11:13:53','2022-02-14 11:13:53','2022-02-20 08:07:24',NULL),(59,'aespa@smtown.com','$2a$12$WZWzReRZcmGVWeguBz6TpeC8CfBgAvxbWttxm.7L53JqVLKvTNit2','algorithm','도아가',1,77230,'{\"image\": \"http://fortice.iptime.org/images/Vini_Pose.png\", \"description\": \"\"}','KR','KR','{\"side\": 9, \"games\": {\"11\": {\"x\": 50, \"y\": 200, \"name\": \"Zombie Army 4: Dead War\"}}, \"objects\": {}, \"gameList\": [\"11\"], \"objectList\": []}',NULL,'2022-02-14 11:24:28','2022-02-14 11:24:28','2022-02-20 10:11:25',NULL),(60,'sdfnsal@fndkfnlsdkf.com','$2a$12$eZA9pG8KOmpUQjvTv75PYedwW7ejTQxI9cnZOj43jJkIyRL4ROCQi','asdf','asdfgg',1,0,'{\"image\": \"http://fortice.iptime.org/images/Wiz_Pose.png\", \"description\": \"\"}','KR','KR',NULL,NULL,'2022-02-14 11:27:14','2022-02-14 11:27:14','2022-02-20 08:07:24',NULL),(61,'dffd@dfgg.com','$2a$12$dwVM61buOEqqRXSjP/Zlne5DZVelKZjYn087Szze0DnSsztwAt37S','yasmin@smilegate.comds','dffdf',1,0,'{\"image\": \"http://fortice.iptime.org/images/I-nou_Pose.png\", \"description\": \"\"}','KR','KR',NULL,NULL,'2022-02-14 11:28:23','2022-02-14 11:28:23','2022-02-20 08:07:24',NULL),(63,'raya0010@naver.com','$2a$12$TQL1SBbSt6.ekLtoWwsvFO9PQx.AcouGke6lXA9Z9XqYAXYzXVj5i','yasmin@smilegate.comd','ddff',1,0,'{\"image\": \"http://fortice.iptime.org/images/Dutti_Pose.png\", \"description\": \"\"}','KR','KR',NULL,NULL,'2022-02-14 11:38:21','2022-02-14 11:38:21','2022-02-20 08:07:24',NULL),(65,'raya0dd00@naver.com','$2a$12$ucnTcwxjBgkuYpqzykkNMOhLPM697PmX1wZu8O4Tq5IemMUcV2fKm','df','ddd',1,0,'{\"image\": \"http://fortice.iptime.org/images/Inno_Pose.png\", \"description\": \"\"}','KR','KR',NULL,NULL,'2022-02-14 12:17:35','2022-02-14 12:17:35','2022-02-20 08:07:24',NULL),(66,'ysasmin@smilegate.com','$2a$12$hKwKBQpJr03i0L/YcZ3dd.65xP626XfekWIlWWchKCUXRZkiYWqhu','df','as',1,0,'{\"image\": \"http://fortice.iptime.org/images/Intoo_Pose.png\", \"description\": \"\"}','KR','KR',NULL,NULL,'2022-02-14 12:19:02','2022-02-14 12:19:02','2022-02-20 08:07:24',NULL),(67,'front1@gmail.com','$2a$12$AgqGGqmeeD79Z7h8FmR1W.IjE3Gs9NpHwfNasNT..W6e0XdWgGtdC','front1','모코코',1,0,'{\"image\": \"http://fortice.iptime.org/images/Mini_Pose.png\", \"description\": \"기분좋은 향기~\"}','KR','KR','{\"side\": 20, \"games\": {}, \"objects\": {}, \"gameList\": [], \"objectList\": []}',NULL,'2022-02-16 06:59:13','2022-02-16 06:59:13','2022-02-20 15:29:12',NULL),(68,'front2@gmail.com','$2a$12$byV1zy0SBvUuvJih7XYpA.cMgEuuS0/1jppQq46ANN4/SPhJyzIsm','front2','템포좌',1,0,'{\"image\": \"http://fortice.iptime.org/images/Mmuni_Pose.png\", \"description\": \"썸바디 헬미!\"}','KR','KR',NULL,NULL,'2022-02-16 07:46:02','2022-02-16 07:46:02','2022-02-20 08:14:16',NULL),(69,'fortice@gmail.com','$2a$12$v1/VUO2C7KVE.zFlhfKwb.C8ymFsBDDPlgsOA9Eyd86KDGAD2p1Li','ranndom','fortice',1,10030000,'{\"image\": \"http://fortice.iptime.org/images/Vini_Pose.png\", \"description\": \"\"}','CN','KR',NULL,NULL,'2022-02-17 07:18:22','2022-02-17 07:18:22','2022-02-20 08:07:25',NULL),(70,'raya0303@naver.com','$2a$12$GIPpYMh9D4fzlim2caDPC.jBPLWuiH3XfCai1N4hThQyP07IuC9VG','raya0303','raya0303',1,0,'{\"image\": \"http://fortice.iptime.org/images/Wiz_Pose.png\", \"description\": \"\"}','KR','KR',NULL,NULL,'2022-02-19 07:49:27','2022-02-19 07:49:27','2022-02-20 08:07:25',NULL),(71,'invu@gmail.com','$2a$12$WHr7S14W0oF23ZfHPt8JouwIwcYFHM7H7nChC/RCjoO09Epxsoj2W','invu','invu',1,0,'{\"image\": \"http://fortice.iptime.org/images/I-nou_Pose.png\", \"description\": \"\"}','KR','KR',NULL,NULL,'2022-02-19 07:51:11','2022-02-19 07:51:11','2022-02-20 08:07:25',NULL),(72,'tiger@gmail.com','$2a$12$GgZp/q.vgAEieKI8F3eGq.JgBW4wquaC9Z7jIjkYHF95Twtn9X2Oq','tiger','tiger',1,24000,'{\"image\": \"http://fortice.iptime.org/images/Cloody_Pose.png\", \"description\": \"\"}','KR','KR',NULL,NULL,'2022-02-19 08:06:59','2022-02-19 08:06:59','2022-02-20 08:07:25',NULL),(73,'heart@gmail.com','$2a$12$gIvFbyY7sj1HfPU4jxc3d.78pSQ2eN16S.ytoOa5R4bFZFjWe3ZZG','heart','heart',1,0,'{\"image\": \"http://fortice.iptime.org/images/Dutti_Pose.png\", \"description\": \"\"}','KR','KR',NULL,NULL,'2022-02-19 08:09:16','2022-02-19 08:09:16','2022-02-20 08:07:25',NULL),(74,'memory@gmail.com','$2a$12$UZ0aBBpa0ncPhe8pyDVroexLWMziXdGfgI8ZkMTi8TpDK137xvUnK','memory','memory',1,0,'{\"image\": \"http://fortice.iptime.org/images/Flame_Pose.png\", \"description\": \"\"}','KR','KR',NULL,NULL,'2022-02-19 08:12:18','2022-02-19 08:12:18','2022-02-20 08:07:25',NULL),(75,'computer@gmail.com','$2a$12$g6e2Bwvu9TIG8Z80GPD65esvkHkGDIgid8UbbYjA8Ri6pcICE625W','computer','computer',1,0,'{\"image\": \"\", \"description\": \"\"}','KR','KR',NULL,NULL,'2022-02-19 08:21:23','2022-02-19 08:21:23','2022-02-20 07:43:15',NULL),(76,'hanth@gmail.com','$2a$12$iYRgeS535yaaX/FOIbZClekQO23F7GrHplv1xOXOG6FKcBWvvPaj2','hanth','hanth',1,44750,'{\"image\": \"http://fortice.iptime.org/images/Flame_Pose.png\", \"description\": \"\"}','KR','KR','{\"side\": 20, \"games\": {}, \"objects\": {}, \"gameList\": [], \"objectList\": []}',NULL,'2022-02-20 11:34:53','2022-02-20 11:34:53','2022-02-20 11:40:06',NULL),(77,'front3@gmail.com','$2a$12$3BcOaf5XVrgmANjAvNL0T.7TaBv/faa26wIIAyhVcZii/WDv/Sfcy','프론띠','프론띠',1,0,'{\"image\": \"http://fortice.iptime.org/images/Mmuni_Pose.png\", \"description\": \"\"}','KR','KR',NULL,NULL,'2022-02-20 12:48:57','2022-02-20 12:48:57','2022-02-20 12:48:57',NULL),(78,'front4@gmail.com','$2a$12$eUbGDxBg/Ud.2f/DT4cj8Of2tlF1Sfoct2kuu8blMktOotYpb8HX6','백엔띠','백엔띠',1,0,'{\"image\": \"http://fortice.iptime.org/images/Wiz_Pose.png\", \"description\": \"\"}','KR','KR',NULL,NULL,'2022-02-20 12:49:48','2022-02-20 12:49:48','2022-02-20 12:49:48',NULL);
/*!40000 ALTER TABLE `user` ENABLE KEYS */;
UNLOCK TABLES;

--
-- Table structure for table `wishlist`
--

DROP TABLE IF EXISTS `wishlist`;
/*!40101 SET @saved_cs_client     = @@character_set_client */;
/*!50503 SET character_set_client = utf8mb4 */;
CREATE TABLE `wishlist` (
  `idx` int NOT NULL AUTO_INCREMENT,
  `user_id` int NOT NULL,
  `game_id` int NOT NULL,
  `created_at` datetime DEFAULT CURRENT_TIMESTAMP,
  PRIMARY KEY (`idx`),
  UNIQUE KEY `UNIQUE_wishlist` (`user_id`,`game_id`),
  KEY `FK_wishlist_user_idx` (`user_id`),
  KEY `FK_wishlist_game_idx` (`game_id`),
  CONSTRAINT `FK_wishlist_game` FOREIGN KEY (`game_id`) REFERENCES `game` (`idx`) ON DELETE CASCADE ON UPDATE CASCADE,
  CONSTRAINT `FK_wishlist_user` FOREIGN KEY (`user_id`) REFERENCES `user` (`idx`) ON DELETE CASCADE ON UPDATE CASCADE
) ENGINE=InnoDB AUTO_INCREMENT=123 DEFAULT CHARSET=utf8mb4 COLLATE=utf8mb4_0900_ai_ci;
/*!40101 SET character_set_client = @saved_cs_client */;

--
-- Dumping data for table `wishlist`
--

LOCK TABLES `wishlist` WRITE;
/*!40000 ALTER TABLE `wishlist` DISABLE KEYS */;
INSERT INTO `wishlist` VALUES (75,1,5,'2022-02-04 12:23:33'),(76,1,1,'2022-02-11 12:58:25'),(79,59,6,'2022-02-16 13:32:51'),(80,59,5,'2022-02-16 13:32:52'),(81,59,1,'2022-02-16 13:35:39'),(82,59,2,'2022-02-16 13:35:40'),(83,69,4,'2022-02-17 07:34:27'),(84,69,1,'2022-02-17 07:34:28'),(119,67,39,'2022-02-20 06:21:56'),(121,76,80,'2022-02-20 11:38:38');
/*!40000 ALTER TABLE `wishlist` ENABLE KEYS */;
UNLOCK TABLES;
/*!40103 SET TIME_ZONE=@OLD_TIME_ZONE */;

/*!40101 SET SQL_MODE=@OLD_SQL_MODE */;
/*!40014 SET FOREIGN_KEY_CHECKS=@OLD_FOREIGN_KEY_CHECKS */;
/*!40014 SET UNIQUE_CHECKS=@OLD_UNIQUE_CHECKS */;
/*!40101 SET CHARACTER_SET_CLIENT=@OLD_CHARACTER_SET_CLIENT */;
/*!40101 SET CHARACTER_SET_RESULTS=@OLD_CHARACTER_SET_RESULTS */;
/*!40101 SET COLLATION_CONNECTION=@OLD_COLLATION_CONNECTION */;
/*!40111 SET SQL_NOTES=@OLD_SQL_NOTES */;

-- Dump completed on 2022-02-21 11:34:30
